Type,ID,ERP_Code,Major_Group,Layer,Adjective,Noun,Note,Locked,Tags,Illuminant,Observer,OKLCH_L,OKLCH_C,OKLCH_H,OKLAB_L,OKLAB_a,OKLAB_b,CIE_LAB_L,CIE_LAB_a,CIE_LAB_b,CIE_LCH_L,CIE_LCH_C,CIE_LCH_H,XYZ_D50_X,XYZ_D50_Y,XYZ_D50_Z,XYZ_D65_X,XYZ_D65_Y,XYZ_D65_Z,HEX,sRGB_R,sRGB_G,sRGB_B,HSL_H,HSL_S,HSL_L,R400 nm,R410 nm,R420 nm,R430 nm,R440 nm,R450 nm,R460 nm,R470 nm,R480 nm,R490 nm,R500 nm,R510 nm,R520 nm,R530 nm,R540 nm,R550 nm,R560 nm,R570 nm,R580 nm,R590 nm,R600 nm,R610 nm,R620 nm,R630 nm,R640 nm,R650 nm,R660 nm,R670 nm,R680 nm,R690 nm,R700 nm
ANCHOR,UL-00-000,9800000,White,Ultra Light,Arctic,Pearl,,FALSE,,D65,10,0.98,0,0,0.98,0,0,97.68,0,0,97.68,0,0,0.90759,0.94119,0.77658,0.89456,0.94119,1.02501,#F8F8F8,248,248,248,336,0,97.37,,,,,,,,,,,,,,,,,,,,,,,,,,,,,,,
ANCHOR,L-00-000,7200000,Light Grey,Light,fair,Cinza,,FALSE,,D65,10,0.72,0,0,0.72,0,0,67.52,0,0,67.52,0,0,0.35992,0.37325,0.30797,0.35476,0.37325,0.40649,#A4A4A4,164,164,164,330,0,64.47,,,,,,,,,,,,,,,,,,,,,,,,,,,,,,,
ANCHOR,D-00-000,3400000,Dark Grey,Dark,shaded,Doe,,FALSE,,D65,10,0.34,0,0,0.34,0,0,23.44,0,0,23.44,0,0,0.0379,0.0393,0.03243,0.03736,0.0393,0.0428,#383838,56,56,56,348,0,21.89,,,,,,,,,,,,,,,,,,,,,,,,,,,,,,,
ANCHOR,UD-00-000,1000000,Black,Ultra Dark,inky,Nero,,FALSE,,D65,10,0.1,0,0,0.1,0,0,0.9033,0,0,0.9033,0,0,0.00096,0.001,0.00083,0.00095,0.001,0.00109,#030303,3,3,3,337.14,0,1.29,,,,,,,,,,,,,,,,,,,,,,,,,,,,,,,
ANCHOR,L-02-000,7402000,Light Muted Magenta,Light,pale,Dove,,FALSE,,D65,10,0.74,0.02,0,0.74,0.02,0,69.58876,6.73865,0.06746,69.58876,6.73899,0.57358,0.40895,0.40168,0.33097,0.4024,0.40105,0.43711,#B6A6AA,182,166,170,344.43,10.19,68.27,,,,,,,,,,,,,,,,,,,,,,,,,,,,,,,
ANCHOR,D-02-000,2602000,Dark Muted Magenta,Dark,Stout,Shale,,FALSE,,D65,10,0.26,0.02,0,0.26,0.02,0,13.90868,6.68501,0.07169,13.90868,6.6854,0.61441,0.01924,0.01714,0.01408,0.01887,0.01706,0.01862,#2C2024,44,32,36,343.16,16.19,15,,,,,,,,,,,,,,,,,,,,,,,,,,,,,,,
ANCHOR,L-02-060,7402060,Taupe,Light,pale,Wheat,,FALSE,,D65,10,0.74,0.02,60,0.74,0.01,0.01732,69.79935,3.4503,6.71157,69.79935,7.5465,62.79311,0.40122,0.40465,0.29046,0.39239,0.40342,0.38307,#B5A89F,181,168,159,26.05,13,66.52,,,,,,,,,,,,,,,,,,,,,,,,,,,,,,,
ANCHOR,D-02-060,2602060,Brown,Dark,Stout,Cola,,FALSE,,D65,10,0.26,0.02,60,0.26,0.01,0.01732,14.10721,3.67967,6.91621,14.10721,7.83415,61.98546,0.01833,0.01748,0.00939,0.01771,0.01734,0.01236,#2B221A,43,34,26,26.45,24.54,13.67,,,,,,,,,,,,,,,,,,,,,,,,,,,,,,,
ANCHOR,L-04-000,7404000,Light Muted Magenta,Light,pale,Petal,,FALSE,,D65,10,0.74,0.04,0,0.74,0.04,0,69.33743,13.41811,0.13947,69.33743,13.41883,0.59552,0.4275,0.39815,0.32758,0.41999,0.39689,0.4329,#C1A1AA,193,161,170,343.74,20.84,69.43,,,,,,,,,,,,,,,,,,,,,,,,,,,,,,,
ANCHOR,D-04-000,2604000,Dark Muted Magenta,Dark,Stout,Raisin,,FALSE,,D65,10,0.26,0.04,0,0.26,0.04,0,13.6571,13.22046,0.15695,13.6571,13.2214,0.68016,0.02165,0.01671,0.01366,0.02116,0.01655,0.0181,#341C23,52,28,35,341.14,30.65,15.56,,,,,,,,,,,,,,,,,,,,,,,,,,,,,,,
ANCHOR,L-04-030,7404030,Light Muted Red,Light,pale,Clove,,FALSE,,D65,10,0.74,0.04,30,0.74,0.03464,0.02,69.5019,11.80545,7.8704,69.5019,14.18845,33.6904,0.42447,0.40045,0.28027,0.41405,0.39831,0.36988,#C3A29C,195,162,156,9.17,24.43,68.82,,,,,,,,,,,,,,,,,,,,,,,,,,,,,,,
ANCHOR,D-04-030,2604030,Dark Muted Red,Dark,Stout,Espresso,,FALSE,,D65,10,0.26,0.04,30,0.26,0.03464,0.02,13.80582,12.05402,8.23499,13.80582,14.59844,34.33987,0.02141,0.01696,0.00829,0.02059,0.0167,0.01094,#351C18,53,28,24,8.43,37.13,15.15,,,,,,,,,,,,,,,,,,,,,,,,,,,,,,,
ANCHOR,L-04-060,7404060,Taupe,Light,pale,Olive,,FALSE,,D65,10,0.74,0.04,60,0.74,0.02,0.03464,69.74543,7.15381,13.62867,69.74543,15.39213,62.30464,0.41252,0.40389,0.24932,0.4006,0.40147,0.32848,#BEA592,190,165,146,26.25,25.56,65.97,,,,,,,,,,,,,,,,,,,,,,,,,,,,,,,
ANCHOR,D-04-060,2604060,Brown,Dark,Stout,Cacao,,FALSE,,D65,10,0.26,0.04,60,0.26,0.02,0.03464,14.01885,7.99383,14.37133,14.01885,16.44495,60.91566,0.02,0.01733,0.00519,0.01904,0.01705,0.0068,#321F0F,50,31,15,27.54,54.04,12.78,,,,,,,,,,,,,,,,,,,,,,,,,,,,,,,
ANCHOR,L-04-090,7404090,Beige,Light,pale,Linen,,FALSE,,D65,10,0.74,0.04,90,0.74,0,0.04,70.01589,0.45196,15.69173,70.01589,15.69823,88.3502,0.3946,0.40772,0.24053,0.38283,0.40566,0.31649,#B5AA8F,181,170,143,43.7,20.28,63.36,,,,,,,,,,,,,,,,,,,,,,,,,,,,,,,
ANCHOR,D-04-090,2604090,Tan,Dark,Stout,Raven,,FALSE,,D65,10,0.26,0.04,90,0.26,0,0.04,14.27468,1.48244,16.34761,14.27468,16.41469,84.81846,0.01773,0.01778,0.00438,0.01681,0.01754,0.00568,#2C230B,44,35,11,44.38,59.53,10.7,,,,,,,,,,,,,,,,,,,,,,,,,,,,,,,
ANCHOR,L-06-000,7406000,Light Muted Magenta,Light,pale,Ibis,,FALSE,,D65,10,0.74,0.06,0,0.74,0.06,0,69.08601,20.0422,0.21614,69.08601,20.04337,0.61788,0.44641,0.39464,0.32418,0.43792,0.39274,0.42868,#CC9CA9,204,156,169,343.05,31.95,70.43,,,,,,,,,,,,,,,,,,,,,,,,,,,,,,,
ANCHOR,D-06-000,2606000,Dark Muted Magenta,Dark,Stout,Fig,,FALSE,,D65,10,0.26,0.06,0,0.26,0.06,0,13.40525,19.63092,0.25681,13.40525,19.6326,0.74951,0.02419,0.01629,0.01324,0.02358,0.01604,0.01757,#3A1623,58,22,35,338.91,45.49,15.76,,,,,,,,,,,,,,,,,,,,,,,,,,,,,,,
ANCHOR,L-06-020,7406020,Light Muted Red,Light,pale,Parfait,,FALSE,,D65,10,0.74,0.06,20,0.74,0.05638,0.02052,69.23112,19.08451,8.18017,69.23112,20.76376,23.20137,0.44526,0.39666,0.27562,0.43371,0.39379,0.36402,#CE9C9B,206,156,155,1.24,34.36,70.86,,,,,,,,,,,,,,,,,,,,,,,,,,,,,,,
ANCHOR,D-06-020,2606020,Dark Muted Red,Dark,Stout,Falcon,,FALSE,,D65,10,0.26,0.06,20,0.26,0.05638,0.02052,13.53399,19.19393,8.6618,13.53399,21.05787,24.28862,0.02425,0.0165,0.00778,0.02328,0.01614,0.01032,#3C1618,60,22,24,357.84,46.07,16.17,,,,,,,,,,,,,,,,,,,,,,,,,,,,,,,
ANCHOR,L-06-040,7406040,Light Muted Red,Light,pale,spring,,FALSE,,D65,10,0.74,0.06,40,0.74,0.04596,0.03857,69.43397,16.04004,15.3674,69.43397,22.21351,43.77309,0.4378,0.3995,0.23685,0.42406,0.39606,0.3123,#CD9F8F,205,159,143,15.46,38.34,68.13,,,,,,,,,,,,,,,,,,,,,,,,,,,,,,,
ANCHOR,D-06-040,2606040,Dark Muted Red,Dark,Stout,Nutmeg,,FALSE,,D65,10,0.26,0.06,40,0.26,0.04596,0.03857,13.69647,16.97481,16.02989,13.69647,23.34741,43.36009,0.02351,0.01678,0.00402,0.02233,0.01636,0.00529,#3C180B,60,24,11,15.94,67.73,13.93,,,,,,,,,,,,,,,,,,,,,,,,,,,,,,,
ANCHOR,L-06-060,7406060,Taupe,Light,pale,Cashmere,,FALSE,,D65,10,0.74,0.06,60,0.74,0.03,0.05196,69.67866,11.09378,20.8094,69.67866,23.58184,61.9373,0.42464,0.40294,0.21083,0.40976,0.39936,0.27745,#C8A285,200,162,133,26.49,37.62,65.24,,,,,,,,,,,,,,,,,,,,,,,,,,,,,,,
ANCHOR,D-06-060,2606060,Brown,Dark,Stout,Cub,,FALSE,,D65,10,0.26,0.06,60,0.26,0.03,0.05196,13.89818,12.81863,20.55594,13.89818,24.22527,58.05244,0.02194,0.01712,0.0018,0.02069,0.01671,0.00232,#381C01,56,28,1,29.04,97.75,11.2,,,,,,,,,,,,,,,,,,,,,,,,,,,,,,,
ANCHOR,L-06-080,7406080,Beige,Light,pale,Crepe,,FALSE,,D65,10,0.74,0.06,80,0.74,0.01042,0.05909,69.94485,4.67256,23.68872,69.94485,24.14515,78.84175,0.40722,0.40671,0.199,0.39228,0.40341,0.26141,#BFA780,191,167,128,37.35,32.97,62.54,,,,,,,,,,,,,,,,,,,,,,,,,,,,,,,
ANCHOR,D-06-080,3006080,Tan,Dark,smoked,Bison,,FALSE,,D65,10,0.3,0.06,80,0.3,0.01042,0.05909,18.80242,6.43079,26.08186,18.80242,26.86295,76.14931,0.02954,0.02701,0.00336,0.02781,0.02651,0.00428,#3D2A02,61,42,2,40.15,93.17,12.46,,,,,,,,,,,,,,,,,,,,,,,,,,,,,,,
ANCHOR,L-08-000,7408000,Light Muted Magenta,Light,pale,Kiss,,FALSE,,D65,10,0.74,0.08,0,0.74,0.08,0,68.8345,26.61445,0.2976,68.8345,26.61611,0.64065,0.46568,0.39115,0.32077,0.4562,0.3886,0.42446,#D696A9,214,150,169,342.36,43.47,71.27,,,,,,,,,,,,,,,,,,,,,,,,,,,,,,,
ANCHOR,D-08-000,2608000,Dark Muted Magenta,Dark,Stout,Beet,,FALSE,,D65,10,0.26,0.08,0,0.26,0.08,0,13.15312,25.93579,0.37242,13.15312,25.93846,0.82266,0.02688,0.01587,0.01281,0.02612,0.01554,0.01705,#410E22,65,14,34,336.13,63.57,15.5,,,,,,,,,,,,,,,,,,,,,,,,,,,,,,,
ANCHOR,L-08-015,7408015,Light Muted Red,Light,pale,Peony,,FALSE,,D65,10,0.74,0.08,15,0.74,0.07727,0.02071,68.96942,26.01428,8.35989,68.96942,27.32454,17.81521,0.46562,0.39302,0.27187,0.453,0.38946,0.35937,#D8969B,216,150,155,356.19,46.21,71.93,,,,,,,,,,,,,,,,,,,,,,,,,,,,,,,
ANCHOR,D-08-015,2608015,Dark Muted Red,Dark,Stout,Apple,,FALSE,,D65,10,0.26,0.08,15,0.26,0.07727,0.02071,13.27157,25.90698,8.9671,13.27157,27.41496,19.0921,0.02713,0.01607,0.00737,0.02602,0.01561,0.00981,#430E17,67,14,23,349.82,64.78,15.85,,,,,,,,,,,,,,,,,,,,,,,,,,,,,,,
ANCHOR,L-08-030,7408030,Light Muted Red,Light,pale,Clay,,FALSE,,D65,10,0.74,0.08,30,0.74,0.06928,0.04,69.14626,23.8926,16.09872,69.14626,28.81016,33.97191,0.46079,0.39548,0.2303,0.44571,0.3912,0.30395,#D9988D,217,152,141,8.83,49.69,70.13,,,,,,,,,,,,,,,,,,,,,,,,,,,,,,,
ANCHOR,D-08-030,2608030,Dark Muted Red,Dark,Stout,Chianti,,FALSE,,D65,10,0.26,0.08,30,0.26,0.06928,0.04,13.40403,24.70414,16.67939,13.40403,29.80766,34.02586,0.0268,0.01629,0.00341,0.02544,0.01576,0.00453,#43100A,67,16,10,6.26,74.35,15.05,,,,,,,,,,,,,,,,,,,,,,,,,,,,,,,
ANCHOR,L-08-045,7408045,Taupe,Light,pale,Pecan,,FALSE,,D65,10,0.74,0.08,45,0.74,0.05657,0.05657,69.35871,20.26947,22.94926,69.35871,30.61895,48.54811,0.45128,0.39845,0.1977,0.43449,0.39379,0.2604,#D69B81,214,155,129,18.49,51,67.24,,,,,,,,,,,,,,,,,,,,,,,,,,,,,,,
ANCHOR,D-08-045,2808045,Brown,Dark,ashen,Bean,,FALSE,,D65,10,0.28,0.08,45,0.28,0.05657,0.05657,15.89243,21.95095,24.0171,15.89243,32.53714,47.57357,0.03125,0.02078,0.00179,0.0295,0.02014,0.00234,#471800,71,24,0,20.42,99.91,13.98,,,,,,,,,,,,,,,,,,,,,,,,,,,,,,,
ANCHOR,L-08-060,7408060,Taupe,Light,pale,autumn,,FALSE,,D65,10,0.74,0.08,60,0.74,0.04,0.06928,69.59946,15.25391,28.33498,69.59946,32.18001,61.70455,0.43755,0.40183,0.1749,0.41985,0.39711,0.22983,#D19F77,209,159,119,26.78,49.15,64.3,,,,,,,,,,,,,,,,,,,,,,,,,,,,,,,
ANCHOR,D-08-060,3608060,Brown,Dark,quiet,Coffee,,FALSE,,D65,10,0.36,0.08,60,0.36,0.04,0.06928,25.41812,16.97656,33.08413,25.41812,37.18552,62.83614,0.05764,0.04552,0.00569,0.05439,0.04446,0.00735,#5B3106,91,49,6,30.69,88.25,18.93,,,,,,,,,,,,,,,,,,,,,,,,,,,,,,,
ANCHOR,L-08-075,7408075,Beige,Light,pale,Bagel,,FALSE,,D65,10,0.74,0.08,75,0.74,0.02071,0.07727,69.85883,9.06617,31.73284,69.85883,33.00255,74.05519,0.42046,0.40549,0.16224,0.40263,0.40103,0.2127,#C9A471,201,164,113,34.81,44.68,61.53,,,,,,,,,,,,,,,,,,,,,,,,,,,,,,,
ANCHOR,D-08-075,3808075,Tan,Dark,toned,Moose,,FALSE,,D65,10,0.38,0.08,75,0.38,0.02071,0.07727,27.98737,10.97185,37.39482,27.98737,38.9712,73.64801,0.06225,0.05453,0.00575,0.05858,0.05343,0.0073,#5B3B00,91,59,0,38.95,99.43,17.85,,,,,,,,,,,,,,,,,,,,,,,,,,,,,,,
ANCHOR,L-08-090,7408090,Beige,Light,pale,Fawn,,FALSE,,D65,10,0.74,0.08,90,0.74,0,0.08,70.12386,2.04982,32.78038,70.12386,32.8444,86.42185,0.40122,0.40926,0.15978,0.38401,0.40533,0.20911,#BEA96F,190,169,111,43.81,37.97,59.14,,,,,,,,,,,,,,,,,,,,,,,,,,,,,,,
ANCHOR,D-08-090,4008090,Tan,Dark,muted,Fjord,,FALSE,,D65,10,0.4,0.08,90,0.4,0,0.08,30.57703,3.83607,37.91611,30.57703,38.10966,84.22289,0.06607,0.06474,0.00786,0.06213,0.06367,0.00994,#584503,88,69,3,46.39,93.01,17.96,,,,,,,,,,,,,,,,,,,,,,,,,,,,,,,
ANCHOR,L-10-000,7410000,Light Vivid Magenta,Light,pale,Princess,,FALSE,,D65,10,0.74,0.1,0,0.74,0.1,0,68.5829,33.13806,0.38397,68.5829,33.14028,0.66385,0.48532,0.38768,0.31736,0.47483,0.38446,0.42023,#DF90A8,223,144,168,341.65,55.34,71.95,,,,,,,,,,,,,,,,,,,,,,,,,,,,,,,
ANCHOR,D-10-000,2610000,Dark Vivid Magenta,Dark,Stout,Merlot,,FALSE,,D65,10,0.26,0.1,0,0.26,0.1,0,12.90067,32.15068,0.505,12.90067,32.15465,0.89989,0.0297,0.01547,0.01238,0.0288,0.01504,0.01651,#460322,70,3,34,332.53,91.21,14.44,,,,,,,,,,,,,,,,,,,,,,,,,,,,,,,
ANCHOR,L-10-012,7410012,Light Vivid Magenta,Light,pale,Valentine,,FALSE,,D65,10,0.74,0.1,12,0.74,0.09781,0.02079,68.7116,32.77129,8.50512,68.7116,33.85697,14.54897,0.48601,0.38945,0.26841,0.47235,0.38521,0.35508,#E2909A,226,144,154,352.82,58.69,72.61,,,,,,,,,,,,,,,,,,,,,,,,,,,,,,,
ANCHOR,D-10-012,2610012,Dark Vivid Magenta,Dark,Stout,Wine,,FALSE,,D65,10,0.26,0.1,12,0.26,0.09781,0.02079,13.01298,32.39385,9.24855,13.01298,33.68823,15.93421,0.03011,0.01565,0.00699,0.02885,0.0151,0.00934,#480217,72,2,23,342.64,93.47,14.69,,,,,,,,,,,,,,,,,,,,,,,,,,,,,,,
ANCHOR,L-10-024,7410024,Light Vivid Red,Light,pale,Blush,,FALSE,,D65,10,0.74,0.1,24,0.74,0.09135,0.04067,68.87136,31.23938,16.52316,68.87136,35.33998,27.87529,0.48293,0.39166,0.22559,0.46665,0.38662,0.29803,#E3928C,227,146,140,3.82,61.03,71.99,,,,,,,,,,,,,,,,,,,,,,,,,,,,,,,
ANCHOR,D-10-024,2610024,Dark Vivid Red,Dark,Stout,Brick,,FALSE,,D65,10,0.26,0.1,24,0.26,0.09135,0.04067,13.12631,31.82582,17.04254,13.12631,36.10167,28.16878,0.03007,0.01583,0.00296,0.02855,0.0152,0.00398,#490309,73,3,9,355.21,91.35,15.02,,,,,,,,,,,,,,,,,,,,,,,,,,,,,,,
ANCHOR,L-10-036,7410036,Light Vivid Red,Light,pale,Coconut,,FALSE,,D65,10,0.74,0.1,36,0.74,0.0809,0.05878,69.05936,28.51886,24.09136,69.05936,37.33255,40.18951,0.47599,0.39427,0.18989,0.4577,0.3887,0.25039,#E2947F,226,148,127,12.88,63.21,69.15,,,,,,,,,,,,,,,,,,,,,,,,,,,,,,,
ANCHOR,D-10-036,3010036,Dark Vivid Red,Dark,smoked,Peanut,,FALSE,,D65,10,0.3,0.1,36,0.3,0.0809,0.05878,17.91595,29.96404,26.62178,17.91595,40.08195,41.61974,0.04217,0.02499,0.00226,0.03986,0.0241,0.00301,#551302,85,19,2,12.81,96.28,16.96,,,,,,,,,,,,,,,,,,,,,,,,,,,,,,,
ANCHOR,L-10-048,7410048,Light Vivid Orange,Light,pale,Whiskey,,FALSE,,D65,10,0.74,0.1,48,0.74,0.06691,0.07431,69.27283,24.62365,30.82819,69.27283,39.45505,51.38431,0.46532,0.39724,0.1618,0.44566,0.39142,0.21283,#DF9773,223,151,115,20.42,62.72,66.14,,,,,,,,,,,,,,,,,,,,,,,,,,,,,,,
ANCHOR,D-10-048,3810048,Dark Vivid Orange,Dark,toned,Spice,,FALSE,,D65,10,0.38,0.1,48,0.38,0.06691,0.07431,27.40807,26.29388,36.67221,27.40807,45.12449,54.35958,0.07497,0.0524,0.00561,0.07077,0.05092,0.00731,#6B2E04,107,46,4,24.31,92.45,21.83,,,,,,,,,,,,,,,,,,,,,,,,,,,,,,,
ANCHOR,L-10-060,7410060,Light Vivid Orange,Light,pale,mocha,,FALSE,,D65,10,0.74,0.1,60,0.74,0.05,0.0866,69.50824,19.61841,36.32432,69.50824,41.28363,61.62696,0.45126,0.40054,0.14145,0.43086,0.39472,0.18552,#D99C68,217,156,104,27.18,60.08,63.11,,,,,,,,,,,,,,,,,,,,,,,,,,,,,,,
ANCHOR,D-10-060,4410060,Dark Vivid Orange,Dark,Subtle,Guitar,,FALSE,,D65,10,0.44,0.1,60,0.44,0.05,0.0866,34.60731,21.30589,42.23038,34.60731,47.30059,63.22834,0.1059,0.08304,0.00941,0.09986,0.08106,0.01212,#7A4306,122,67,6,31.56,90.52,25.01,,,,,,,,,,,,,,,,,,,,,,,,,,,,,,,
ANCHOR,L-10-072,7410072,Light Vivid Orange,Light,pale,Sunrise,,FALSE,,D65,10,0.74,0.1,72,0.74,0.0309,0.09511,69.76049,13.62931,40.17718,69.76049,42.42599,71.26151,0.43438,0.4041,0.12879,0.41385,0.39852,0.1684,#D2A061,210,160,97,33.64,55.67,60.22,,,,,,,,,,,,,,,,,,,,,,,,,,,,,,,
ANCHOR,D-10-072,4810072,Dark Vivid Orange,Dark,thin,Sepia,,FALSE,,D65,10,0.48,0.1,72,0.48,0.0309,0.09511,39.50481,15.25326,45.76828,39.50481,48.24311,71.56824,0.12716,0.10955,0.01284,0.11978,0.10731,0.0164,#805307,128,83,7,37.62,89.69,26.42,,,,,,,,,,,,,,,,,,,,,,,,,,,,,,,
ANCHOR,L-10-084,7410084,Light Vivid Yellow,Light,pale,Puma,,FALSE,,D65,10,0.74,0.1,84,0.74,0.01045,0.09945,70.02242,6.85092,42.06196,70.02242,42.61624,80.74908,0.41546,0.40781,0.12372,0.39536,0.40271,0.16134,#C9A65D,201,166,93,40.36,49.67,57.65,,,,,,,,,,,,,,,,,,,,,,,,,,,,,,,
ANCHOR,L-12-000,7412000,Light Vivid Magenta,Light,pale,Jam,,FALSE,,D65,10,0.74,0.12,0,0.74,0.12,0,68.33121,39.61598,0.47537,68.33121,39.61883,0.68748,0.50533,0.38423,0.31393,0.49382,0.38034,0.41599,#E88AA8,232,138,168,340.92,67.46,72.49,,,,,,,,,,,,,,,,,,,,,,,,,,,,,,,
ANCHOR,D-12-000,3012000,Dark Vivid Magenta,Dark,smoked,Berry,,FALSE,,D65,10,0.3,0.12,0,0.3,0.12,0,17.28863,38.52003,0.61578,17.28863,38.52495,0.91585,0.04651,0.02363,0.01888,0.04509,0.02295,0.0252,#58012B,88,1,43,331.03,97.11,17.57,,,,,,,,,,,,,,,,,,,,,,,,,,,,,,,
ANCHOR,L-12-010,7412010,Light Vivid Magenta,Light,pale,Tulip,,FALSE,,D65,10,0.74,0.12,10,0.74,0.11818,0.02084,68.45577,39.41882,8.64016,68.45577,40.35463,12.36307,0.50661,0.38593,0.26505,0.49191,0.381,0.35094,#EB8A99,235,138,153,350.27,71.32,73.13,,,,,,,,,,,,,,,,,,,,,,,,,,,,,,,
ANCHOR,D-12-010,3212010,Dark Vivid Magenta,Dark,deep,Radish,,FALSE,,D65,10,0.32,0.12,10,0.32,0.11818,0.02084,19.72194,38.9052,9.23578,19.72194,39.98642,13.35435,0.05535,0.0292,0.0148,0.05315,0.02824,0.01977,#610725,97,7,37,340.49,85.63,20.45,,,,,,,,,,,,,,,,,,,,,,,,,,,,,,,
ANCHOR,L-12-020,7412020,Light Vivid Red,Light,pale,Sunset,,FALSE,,D65,10,0.74,0.12,20,0.74,0.11276,0.04104,68.60362,38.29788,16.82718,68.60362,41.83158,23.71955,0.50479,0.38797,0.22162,0.48737,0.38219,0.29309,#ED8B8B,237,139,139,359.67,73.04,73.63,,,,,,,,,,,,,,,,,,,,,,,,,,,,,,,
ANCHOR,D-12-020,3012020,Dark Vivid Red,Dark,smoked,Maroon,,FALSE,,D65,10,0.3,0.12,20,0.3,0.11276,0.04104,17.50999,38.55353,19.07971,17.50999,43.01639,26.33029,0.04727,0.02411,0.00589,0.04498,0.02313,0.00792,#5C0012,92,0,18,348.28,99.12,18.06,,,,,,,,,,,,,,,,,,,,,,,,,,,,,,,
ANCHOR,L-12-030,7412030,Light Vivid Red,Light,pale,Tartare,,FALSE,,D65,10,0.74,0.12,30,0.74,0.10392,0.06,68.7735,36.21769,24.81885,68.7735,43.90554,34.42161,0.49975,0.39031,0.18427,0.48013,0.38391,0.2433,#ED8D7D,237,141,125,8.35,75.32,70.95,,,,,,,,,,,,,,,,,,,,,,,,,,,,,,,
ANCHOR,D-12-030,3012030,Dark Vivid Red,Dark,smoked,Paprika,,FALSE,,D65,10,0.3,0.12,30,0.3,0.10392,0.06,17.62496,37.47697,27.35952,17.62496,46.40115,36.13078,0.04682,0.02436,0.0016,0.04428,0.02331,0.00221,#5C0300,92,3,0,1.83,99.66,18.03,,,,,,,,,,,,,,,,,,,,,,,,,,,,,,,
ANCHOR,L-12-040,7412040,Light Vivid Red,Light,pale,Barbecue,,FALSE,,D65,10,0.74,0.12,40,0.74,0.09193,0.07713,68.96456,33.15999,32.36922,68.96456,46.33952,44.30862,0.49145,0.39295,0.15329,0.47019,0.38616,0.20193,#EB9070,235,144,112,15.56,75.35,67.93,,,,,,,,,,,,,,,,,,,,,,,,,,,,,,,
ANCHOR,D-12-040,4012040,Dark Vivid Red,Dark,muted,Brownie,,FALSE,,D65,10,0.4,0.12,40,0.4,0.09193,0.07713,29.4227,34.64595,38.78817,29.4227,52.0083,48.22848,0.09439,0.06004,0.00633,0.0892,0.0581,0.00835,#7A2A06,122,42,6,18.29,90.09,25.23,,,,,,,,,,,,,,,,,,,,,,,,,,,,,,,
ANCHOR,L-12-050,7412050,Light Vivid Orange,Light,pale,Topaz,,FALSE,,D65,10,0.74,0.12,50,0.74,0.07713,0.09193,69.17576,29.13171,39.1932,69.17576,48.83404,53.37714,0.48003,0.39589,0.12871,0.45765,0.38894,0.16902,#E79363,231,147,99,21.91,73.57,64.75,,,,,,,,,,,,,,,,,,,,,,,,,,,,,,,
ANCHOR,D-12-050,4612050,Dark Vivid Orange,Dark,Vintage,Roast,,FALSE,,D65,10,0.46,0.12,50,0.46,0.07713,0.09193,36.59419,30.73624,46.20075,36.59419,55.49078,56.36514,0.13161,0.09321,0.00908,0.12418,0.09059,0.01178,#8B3F03,139,63,3,26.64,95.89,27.78,,,,,,,,,,,,,,,,,,,,,,,,,,,,,,,
ANCHOR,L-12-060,7412060,Light Vivid Orange,Light,pale,peach,,FALSE,,D65,10,0.74,0.12,60,0.74,0.06,0.10392,69.4054,24.17207,44.96241,69.4054,51.04809,61.73725,0.46575,0.3991,0.11038,0.44277,0.3922,0.1444,#E29858,226,152,88,27.74,70.38,61.53,,,,,,,,,,,,,,,,,,,,,,,,,,,,,,,
ANCHOR,L-12-070,7412070,Light Vivid Orange,Light,pale,Caramel,,FALSE,,D65,10,0.74,0.12,70,0.74,0.04104,0.11276,69.65066,18.35827,49.32208,69.65066,52.62788,69.58413,0.44901,0.40255,0.09812,0.42593,0.3959,0.12781,#DB9D4F,219,157,79,33.27,66.01,58.41,,,,,,,,,,,,,,,,,,,,,,,,,,,,,,,
ANCHOR,L-12-080,7412080,Light Vivid Yellow,Light,pale,Bronze,,FALSE,,D65,10,0.74,0.12,80,0.74,0.02084,0.11818,69.90733,11.8094,51.94408,69.90733,53.26959,77.19161,0.43036,0.40618,0.09174,0.40762,0.39996,0.11902,#D2A249,210,162,73,38.76,60.57,55.59,,,,,,,,,,,,,,,,,,,,,,,,,,,,,,,
ANCHOR,L-12-090,7412090,Light Vivid Yellow,Light,pale,summer,,FALSE,,D65,10,0.74,0.12,90,0.74,0,0.12,70.1696,4.68862,52.61152,70.1696,52.82002,84.90738,0.41043,0.40991,0.09113,0.38845,0.40428,0.11788,#C8A747,200,167,71,44.58,54,53.25,,,,,,,,,,,,,,,,,,,,,,,,,,,,,,,
ANCHOR,L-14-000,7414000,Light Vivid Magenta,Light,pale,Lipstick,,FALSE,,D65,10,0.74,0.14,0,0.74,0.14,0,68.07942,46.05092,0.57194,68.07942,46.05448,0.71157,0.52572,0.3808,0.31049,0.51316,0.37622,0.41174,#F183A7,241,131,167,340.16,79.74,72.86,,,,,,,,,,,,,,,,,,,,,,,,,,,,,,,
ANCHOR,D-14-000,3614000,Dark Vivid Magenta,Dark,quiet,Smooch,,FALSE,,D65,10,0.36,0.14,0,0.36,0.14,0,23.99689,44.99112,0.71016,23.99689,44.99672,0.9043,0.07926,0.04099,0.03279,0.07685,0.03984,0.04376,#71073A,113,7,58,331.12,88.62,23.55,,,,,,,,,,,,,,,,,,,,,,,,,,,,,,,
ANCHOR,L-14-009,7414009,Light Vivid Magenta,Light,pale,Ladybug,,FALSE,,D65,10,0.74,0.14,8.57143,0.74,0.13844,0.02087,68.20104,45.98596,8.77357,68.20104,46.81542,10.80154,0.5275,0.38245,0.26174,0.51173,0.37682,0.34686,#F48399,244,131,153,348.19,84.01,73.48,,,,,,,,,,,,,,,,,,,,,,,,,,,,,,,
ANCHOR,D-14-009,3614009,Dark Vivid Magenta,Dark,quiet,Siren,,FALSE,,D65,10,0.36,0.14,8.57143,0.36,0.13844,0.02087,24.10936,45.34555,9.32421,24.10936,46.29427,11.61953,0.08018,0.04134,0.02209,0.07705,0.03994,0.02953,#74052E,116,5,46,337.72,91.92,23.64,,,,,,,,,,,,,,,,,,,,,,,,,,,,,,,
ANCHOR,L-14-017,7414017,Light Vivid Red,Light,pale,Poppy,,FALSE,,D65,10,0.74,0.14,17.14286,0.74,0.13378,0.04127,68.34018,45.16999,17.07709,68.34018,48.29032,20.70974,0.52666,0.38435,0.21801,0.50812,0.37784,0.28864,#F6838B,246,131,139,356.25,86.5,74,,,,,,,,,,,,,,,,,,,,,,,,,,,,,,,
ANCHOR,D-14-017,3614017,Dark Vivid Red,Dark,quiet,Burgundy,,FALSE,,D65,10,0.36,0.14,17.14286,0.36,0.13378,0.04127,24.22041,45.16559,18.80639,24.22041,48.92455,22.60624,0.08051,0.04168,0.01331,0.0768,0.0401,0.01785,#750521,117,5,33,345.2,91.79,23.95,,,,,,,,,,,,,,,,,,,,,,,,,,,,,,,
ANCHOR,L-14-026,7414026,Light Vivid Red,Light,pale,Flamingo,,FALSE,,D65,10,0.74,0.14,25.71429,0.74,0.12614,0.06074,68.49637,43.56534,25.34781,68.49637,50.40288,30.19232,0.52307,0.38649,0.17972,0.50222,0.3793,0.23761,#F7857C,247,133,124,4.4,87.85,72.66,,,,,,,,,,,,,,,,,,,,,,,,,,,,,,,
ANCHOR,D-14-026,3614026,Dark Vivid Red,Dark,quiet,Cayenne,,FALSE,,D65,10,0.36,0.14,25.71429,0.36,0.12614,0.06074,24.33469,44.3474,29.98517,24.33469,53.53319,34.06431,0.08015,0.04204,0.00634,0.07601,0.04032,0.00856,#760810,118,8,16,355.62,87.78,24.57,,,,,,,,,,,,,,,,,,,,,,,,,,,,,,,
ANCHOR,L-14-034,7414034,Light Vivid Red,Light,pale,Campfire,,FALSE,,D65,10,0.74,0.14,34.28571,0.74,0.11567,0.07886,68.66963,41.1426,33.43498,68.66963,53.0152,39.09941,0.51665,0.38887,0.14704,0.49396,0.3812,0.194,#F6886E,246,136,110,11.44,87.85,69.65,,,,,,,,,,,,,,,,,,,,,,,,,,,,,,,
ANCHOR,D-14-034,4014034,Dark Vivid Red,Dark,muted,Salsa,,FALSE,,D65,10,0.4,0.14,34.28571,0.4,0.11567,0.07886,29.12264,42.5219,40.90145,29.12264,59.00035,43.88721,0.10271,0.05886,0.00493,0.09709,0.05664,0.00662,#821D03,130,29,3,12.42,95.81,26.09,,,,,,,,,,,,,,,,,,,,,,,,,,,,,,,
ANCHOR,L-14-043,7414043,Light Vivid Red,Light,pale,Coral,,FALSE,,D65,10,0.74,0.14,42.85714,0.74,0.10263,0.09522,68.86006,37.88579,41.15935,68.86006,55.94127,47.37148,0.5074,0.3915,0.11991,0.48335,0.38355,0.15775,#F38B5F,243,139,95,17.64,86.27,66.39,,,,,,,,,,,,,,,,,,,,,,,,,,,,,,,
ANCHOR,D-14-043,4814043,Dark Vivid Red,Dark,thin,Savanna,,FALSE,,D65,10,0.48,0.14,42.85714,0.48,0.10263,0.09522,38.60264,39.31683,48.56661,38.60264,62.48623,51.00829,0.15986,0.1043,0.00976,0.15095,0.10101,0.01282,#9B3B04,155,59,4,21.75,94.44,31.25,,,,,,,,,,,,,,,,,,,,,,,,,,,,,,,
ANCHOR,L-14-051,7414051,Light Vivid Orange,Light,pale,Cassis,,FALSE,,D65,10,0.74,0.14,51.42857,0.74,0.08729,0.10946,69.06754,33.797,48.2968,69.06754,58.94759,55.01655,0.49545,0.39438,0.09818,0.47049,0.38633,0.12863,#EF8F52,239,143,82,23.31,83.54,62.93,,,,,,,,,,,,,,,,,,,,,,,,,,,,,,,
ANCHOR,L-14-060,7414060,Light Vivid Orange,Light,pale,copper,,FALSE,,D65,10,0.74,0.14,60,0.74,0.07,0.12124,69.29133,28.90035,54.56251,69.29133,61.74381,62.09099,0.481,0.3975,0.08161,0.45556,0.38955,0.10634,#EA9344,234,147,68,28.62,79.97,59.31,,,,,,,,,,,,,,,,,,,,,,,,,,,,,,,
ANCHOR,L-14-069,7414069,Light Vivid Orange,Light,pale,Ginger,,FALSE,,D65,10,0.74,0.14,68.57143,0.74,0.05115,0.13032,69.52986,23.24513,59.60905,69.52986,63.98105,68.69622,0.46436,0.40085,0.06994,0.43885,0.39315,0.09055,#E49838,228,152,56,33.68,75.76,55.66,,,,,,,,,,,,,,,,,,,,,,,,,,,,,,,
ANCHOR,L-14-077,7414077,Light Vivid Yellow,Light,pale,Mango,,FALSE,,D65,10,0.74,0.14,77.14286,0.74,0.03115,0.13649,69.78053,16.90818,63.06183,69.78053,65.28921,74.99083,0.44592,0.40438,0.06297,0.42071,0.3971,0.08098,#DC9E2F,220,158,47,38.54,70.95,52.2,,,,,,,,,,,,,,,,,,,,,,,,,,,,,,,
ANCHOR,L-14-086,7414086,Light Vivid Yellow,Light,pale,Saffron,,FALSE,,D65,10,0.74,0.14,85.71429,0.74,0.01046,0.13961,70.03962,9.9954,64.60911,70.03962,65.37771,81.20573,0.42617,0.40806,0.06055,0.4016,0.40132,0.07744,#D2A329,210,163,41,43.28,67.25,49.29,,,,,,,,,,,,,,,,,,,,,,,,,,,,,,,
ANCHOR,L-16-000,7416000,Light Vivid Magenta,Light,pale,Rosa,,FALSE,,D65,10,0.74,0.16,0,0.74,0.16,0,67.82754,52.44539,0.67382,67.82754,52.44972,0.7361,0.54649,0.37739,0.30705,0.53286,0.37212,0.40748,#FA7BA7,250,123,167,339.36,92.01,73.07,,,,,,,,,,,,,,,,,,,,,,,,,,,,,,,
ANCHOR,D-16-000,4016000,Dark Vivid Magenta,Dark,muted,Raspberry,,FALSE,,D65,10,0.4,0.16,0,0.4,0.16,0,28.38484,51.36004,0.82104,28.38484,51.3666,0.91585,0.11025,0.05602,0.04475,0.10688,0.05439,0.05974,#850344,133,3,68,329.87,95.47,26.6,,,,,,,,,,,,,,,,,,,,,,,,,,,,,,,
ANCHOR,L-16-008,7416008,Light Vivid Magenta,Light,pale,Hope,,FALSE,,D65,10,0.74,0.16,7.5,0.74,0.15863,0.02088,67.94699,52.48855,8.90907,67.94699,53.23926,9.63321,0.5487,0.379,0.25845,0.53186,0.37266,0.34282,#FD7B98,253,123,152,346.37,96.63,73.66,,,,,,,,,,,,,,,,,,,,,,,,,,,,,,,
ANCHOR,D-16-008,4016008,Dark Vivid Magenta,Dark,muted,Claret,,FALSE,,D65,10,0.4,0.16,7.5,0.4,0.15863,0.02088,28.49705,51.76467,9.41689,28.49705,52.61425,10.31034,0.11146,0.05644,0.03144,0.10719,0.05451,0.04204,#870038,135,0,56,335.31,99.45,26.56,,,,,,,,,,,,,,,,,,,,,,,,,,,,,,,
ANCHOR,L-16-015,7416015,Light Vivid Red,Light,pale,Salmon,,FALSE,,D65,10,0.74,0.16,15,0.74,0.15455,0.04141,68.07949,51.90974,17.30132,68.07949,54.71706,18.43303,0.54867,0.3808,0.21459,0.52902,0.37356,0.28444,#FF7C8A,255,124,138,353.41,99.73,74.18,,,,,,,,,,,,,,,,,,,,,,,,,,,,,,,
ANCHOR,D-16-015,4216015,Dark Vivid Red,Dark,Lone,Cranberry,,FALSE,,D65,10,0.42,0.16,15,0.42,0.15455,0.04141,30.93004,51.74079,18.57666,30.93004,54.97455,19.74983,0.12645,0.06622,0.02498,0.12087,0.06382,0.03344,#900D30,144,13,48,344.05,83.62,30.66,,,,,,,,,,,,,,,,,,,,,,,,,,,,,,,
ANCHOR,L-16-023,7216023,Light Vivid Red,Light,fair,Roman,,FALSE,,D65,10,0.72,0.16,22.5,0.72,0.14782,0.06123,65.90279,50.69103,25.85156,65.90279,56.9024,27.0208,0.50762,0.35198,0.15834,0.48691,0.34443,0.20968,#F97775,249,119,117,0.62,91.14,71.72,,,,,,,,,,,,,,,,,,,,,,,,,,,,,,,
ANCHOR,D-16-023,4016023,Dark Vivid Red,Dark,muted,Crimson,,FALSE,,D65,10,0.4,0.16,22.5,0.4,0.14782,0.06123,28.71723,51.15008,29.5093,28.71723,59.05192,29.98134,0.11192,0.05729,0.01112,0.10632,0.05492,0.01499,#8A021A,138,2,26,349.21,97.18,27.37,,,,,,,,,,,,,,,,,,,,,,,,,,,,,,,
ANCHOR,L-16-030,7216030,Light Vivid Red,Light,fair,Fox,,FALSE,,D65,10,0.72,0.16,30,0.72,0.13856,0.08,66.06036,48.7909,34.39041,66.06036,59.69299,35.17821,0.50303,0.35402,0.12668,0.48047,0.34595,0.16746,#F87966,248,121,102,7.64,91.68,68.72,,,,,,,,,,,,,,,,,,,,,,,,,,,,,,,
ANCHOR,D-16-030,4016030,Dark Vivid Red,Dark,muted,Carnivore,,FALSE,,D65,10,0.4,0.16,30,0.4,0.13856,0.08,28.83328,49.96929,42.53427,28.83328,65.62084,40.4047,0.11099,0.05773,0.0038,0.10495,0.05524,0.00524,#8A0700,138,7,0,2.9,99.47,27.06,,,,,,,,,,,,,,,,,,,,,,,,,,,,,,,
ANCHOR,L-16-038,7416038,Light Vivid Red,Light,pale,Bonfire,,FALSE,,D65,10,0.74,0.16,37.5,0.74,0.12694,0.0974,68.55731,46.09827,42.61586,68.55731,62.77867,42.75205,0.5339,0.38733,0.11327,0.50835,0.37844,0.14932,#FE825D,254,130,93,13.87,98.8,68,,,,,,,,,,,,,,,,,,,,,,,,,,,,,,,
ANCHOR,L-16-045,7416045,Light Vivid Orange,Light,pale,Flame,,FALSE,,D65,10,0.74,0.16,45,0.74,0.11314,0.11314,68.74531,42.72218,50.77752,68.74531,66.35918,49.92408,0.52395,0.38992,0.08937,0.49727,0.38083,0.11735,#FB864D,251,134,77,19.55,95.97,64.36,,,,,,,,,,,,,,,,,,,,,,,,,,,,,,,
ANCHOR,L-16-053,7416053,Light Vivid Orange,Light,pale,Cinnamon,,FALSE,,D65,10,0.74,0.16,52.5,0.74,0.0974,0.12694,68.94841,38.61426,58.56277,68.94841,70.14741,56.60053,0.5116,0.39273,0.07005,0.48418,0.38361,0.09143,#F78A3C,247,138,60,24.95,92.53,60.3,,,,,,,,,,,,,,,,,,,,,,,,,,,,,,,
ANCHOR,L-16-060,7416060,Light Vivid Orange,Light,pale,Sun,,FALSE,,D65,10,0.74,0.16,60,0.74,0.08,0.13856,69.16643,33.78934,65.72884,69.16643,73.90535,62.79358,0.49701,0.39576,0.05504,0.46922,0.38677,0.07122,#F28F29,242,143,41,30.29,88.8,55.62,,,,,,,,,,,,,,,,,,,,,,,,,,,,,,,
ANCHOR,L-16-068,7416068,Light Vivid Orange,Light,pale,Toucan,,FALSE,,D65,10,0.74,0.16,67.5,0.74,0.06123,0.14782,69.3985,28.27985,71.91786,69.3985,77.27826,68.53404,0.48042,0.399,0.04407,0.4526,0.39029,0.05637,#EC9410,236,148,16,35.99,87.37,49.39,,,,,,,,,,,,,,,,,,,,,,,,,,,,,,,
ANCHOR,L-16-075,7616075,Light Vivid Yellow,Light,chalky,Amber,,FALSE,,D65,10,0.76,0.16,75,0.76,0.04141,0.15455,71.97474,21.94371,75.26311,71.97474,78.39682,73.74543,0.49797,0.43621,0.04603,0.46863,0.42742,0.05842,#EBA002,235,160,2,40.56,98.24,46.53,,,,,,,,,,,,,,,,,,,,,,,,,,,,,,,
ANCHOR,L-16-083,7816083,Light Vivid Yellow,Light,frosted,Sunflower,,FALSE,,D65,10,0.78,0.16,82.5,0.78,0.02088,0.15863,74.56139,15.03624,76.53733,74.56139,78.00033,78.88543,0.51394,0.47583,0.05202,0.48335,0.4671,0.06578,#E9AC04,233,172,4,43.92,96.83,46.44,,,,,,,,,,,,,,,,,,,,,,,,,,,,,,,
ANCHOR,L-16-090,8016090,Light Vivid Yellow,Light,Dusky,Daisy,,FALSE,,D65,10,0.8,0.16,90,0.8,0,0.16,77.15405,7.67215,75.83221,77.15405,76.21933,84.22289,0.52857,0.51788,0.06285,0.49705,0.50939,0.0795,#E6B816,230,184,22,46.74,82.86,49.24,,,,,,,,,,,,,,,,,,,,,,,,,,,,,,,
ANCHOR,L-18-000,7218000,Light Vivid Magenta,Light,fair,Kirby,,FALSE,,D65,10,0.72,0.18,0,0.72,0.18,0,65.25545,58.75302,0.78699,65.25545,58.75829,0.76743,0.52777,0.3437,0.27884,0.51397,0.33803,0.37041,#FB6CA0,251,108,160,338.28,94.2,70.41,,,,,,,,,,,,,,,,,,,,,,,,,,,,,,,
ANCHOR,D-18-000,4618000,Dark Vivid Magenta,Dark,Vintage,Velvet,,FALSE,,D65,10,0.46,0.18,0,0.46,0.18,0,35.0931,57.83137,0.91536,35.0931,57.83861,0.90681,0.16585,0.08545,0.06833,0.16081,0.08304,0.09119,#9F0C54,159,12,84,330.73,85.93,33.6,,,,,,,,,,,,,,,,,,,,,,,,,,,,,,,
ANCHOR,L-18-007,7218007,Light Vivid Magenta,Light,fair,Lychee,,FALSE,,D65,10,0.72,0.18,6.66667,0.72,0.17878,0.0209,65.37302,58.90181,9.06534,65.37302,59.59533,8.74951,0.53031,0.3452,0.2331,0.51347,0.33851,0.30956,#FE6C92,254,108,146,344.46,98.39,70.96,,,,,,,,,,,,,,,,,,,,,,,,,,,,,,,
ANCHOR,D-18-007,4618007,Dark Vivid Magenta,Dark,Vintage,Rouge,,FALSE,,D65,10,0.46,0.18,6.66667,0.46,0.17878,0.0209,35.20582,58.24452,9.45739,35.20582,59.00734,9.22285,0.16746,0.08602,0.05052,0.16122,0.08319,0.06751,#A20947,162,9,71,335.5,89.93,33.43,,,,,,,,,,,,,,,,,,,,,,,,,,,,,,,
ANCHOR,L-18-013,7018013,Light Vivid Magenta,Light,light,Granita,,FALSE,,D65,10,0.7,0.18,13.33333,0.7,0.17515,0.04151,63.1784,58.51995,17.59934,63.1784,61.10909,16.73818,0.493,0.31801,0.17343,0.47468,0.31086,0.23028,#F9667D,249,102,125,350.42,92.23,68.77,,,,,,,,,,,,,,,,,,,,,,,,,,,,,,,
ANCHOR,D-18-013,4618013,Dark Vivid Magenta,Dark,Vintage,Chorizo,,FALSE,,D65,10,0.46,0.18,13.33333,0.46,0.17515,0.04151,35.31656,58.262,18.60141,35.31656,61.15941,17.70681,0.16836,0.08658,0.03519,0.16109,0.08341,0.04711,#A4083A,164,8,58,340.79,91.19,33.6,,,,,,,,,,,,,,,,,,,,,,,,,,,,,,,
ANCHOR,L-18-020,7018020,Light Vivid Red,Light,light,Lobster,,FALSE,,D65,10,0.7,0.18,20,0.7,0.16914,0.06156,63.31302,57.62774,26.32072,63.31302,63.35406,24.54793,0.49185,0.31964,0.13888,0.47135,0.3118,0.18426,#FA676E,250,103,110,356.96,93.69,69.23,,,,,,,,,,,,,,,,,,,,,,,,,,,,,,,
ANCHOR,D-18-020,4618020,Dark Vivid Red,Dark,Vintage,Cinnabar,,FALSE,,D65,10,0.46,0.18,20,0.46,0.16914,0.06156,35.42789,57.8199,28.70109,35.42789,64.55148,26.39924,0.16843,0.08714,0.02224,0.16032,0.0837,0.02988,#A5092A,165,9,42,347.34,89.14,34.2,,,,,,,,,,,,,,,,,,,,,,,,,,,,,,,
ANCHOR,L-18-027,7018027,Light Vivid Red,Light,light,Melon,,FALSE,,D65,10,0.7,0.18,26.66667,0.7,0.16085,0.08078,63.45743,56.15329,35.24268,63.45743,66.29659,32.11303,0.48871,0.32139,0.10866,0.4664,0.31302,0.14398,#FA695F,250,105,95,3.87,94.29,67.69,,,,,,,,,,,,,,,,,,,,,,,,,,,,,,,
ANCHOR,D-18-027,4618027,Dark Vivid Red,Dark,Vintage,Salami,,FALSE,,D65,10,0.46,0.18,26.66667,0.46,0.16085,0.08078,35.54304,56.85613,40.71093,35.54304,69.92853,35.60395,0.16758,0.08773,0.01152,0.15882,0.08409,0.01559,#A50E16,165,14,22,356.8,84.18,35.19,,,,,,,,,,,,,,,,,,,,,,,,,,,,,,,
ANCHOR,L-18-033,7018033,Light Vivid Red,Light,light,Mandarin,,FALSE,,D65,10,0.7,0.18,33.33333,0.7,0.15039,0.09891,63.61281,54.06527,44.38147,63.61281,69.94832,39.38212,0.48351,0.32328,0.08264,0.45974,0.31453,0.10927,#FA6C4E,250,108,78,10.27,94,64.3,,,,,,,,,,,,,,,,,,,,,,,,,,,,,,,
ANCHOR,L-18-040,7218040,Light Vivid Red,Light,fair,Carrot,,FALSE,,D65,10,0.72,0.18,40,0.72,0.13789,0.1157,66.10819,51.2289,53.22446,66.10819,73.87315,46.09449,0.51301,0.35464,0.07111,0.48648,0.34513,0.09364,#FF7643,255,118,67,16.22,99.93,63.07,,,,,,,,,,,,,,,,,,,,,,,,,,,,,,,
ANCHOR,L-18-047,7218047,Light Vivid Orange,Light,fair,Pumpkin,,FALSE,,D65,10,0.72,0.18,46.66667,0.72,0.12352,0.13093,66.29097,47.81507,62.58744,66.29097,78.7621,52.62117,0.5031,0.35701,0.05142,0.47571,0.34739,0.06728,#FC7A2D,252,122,45,22.13,97.25,58.34,,,,,,,,,,,,,,,,,,,,,,,,,,,,,,,
ANCHOR,L-18-053,7218053,Light Vivid Orange,Light,fair,Papaya,,FALSE,,D65,10,0.72,0.18,53.33333,0.72,0.10749,0.14438,66.48766,43.7437,72.19186,66.48766,84.41076,58.78679,0.49111,0.35958,0.03542,0.46318,0.34998,0.04579,#F87E09,248,126,9,29.39,94.6,50.46,,,,,,,,,,,,,,,,,,,,,,,,,,,,,,,
ANCHOR,L-20-000,7020000,Light Vivid Magenta,Light,light,Pansy,,FALSE,,D65,10,0.7,0.2,0,0.7,0.2,0,62.68319,65.00362,0.90922,62.68319,65.00998,0.80136,0.50927,0.31208,0.25236,0.49535,0.30607,0.3356,#FB5C99,251,92,153,337.02,95.58,67.4,,,,,,,,,,,,,,,,,,,,,,,,,,,,,,,
ANCHOR,L-20-006,7020006,Light Vivid Magenta,Light,light,Cardinal,,FALSE,,D65,10,0.7,0.2,6,0.7,0.1989,0.02091,62.79924,65.2478,9.23334,62.79924,65.89787,8.05456,0.51209,0.31347,0.20941,0.49529,0.30648,0.27847,#FE5C8B,254,92,139,342.47,99.34,67.89,,,,,,,,,,,,,,,,,,,,,,,,,,,,,,,
ANCHOR,L-20-012,6820012,Light Vivid Magenta,Light,lucid,Lava,,FALSE,,D65,10,0.68,0.2,12,0.68,0.19563,0.04158,60.59955,65.03687,17.87025,60.59955,67.44731,15.36405,0.47618,0.28794,0.1536,0.45805,0.28054,0.2043,#F95577,249,85,119,347.62,93.7,65.58,,,,,,,,,,,,,,,,,,,,,,,,,,,,,,,
ANCHOR,L-20-018,6820018,Light Vivid Red,Light,lucid,Cherry,,FALSE,,D65,10,0.68,0.2,18,0.68,0.19021,0.0618,60.7259,64.41326,26.78499,60.7259,69.76033,22.57903,0.4759,0.28937,0.12111,0.45569,0.28131,0.16105,#FB5668,251,86,104,353.44,95.3,66.04,,,,,,,,,,,,,,,,,,,,,,,,,,,,,,,
ANCHOR,L-20-024,6820024,Light Vivid Red,Light,lucid,Chili,,FALSE,,D65,10,0.68,0.2,24,0.68,0.18271,0.08135,60.85902,63.29404,36.05999,60.85902,72.84544,29.67111,0.47393,0.29088,0.09256,0.45196,0.28229,0.123,#FC5858,252,88,88,359.85,95.96,66.49,,,,,,,,,,,,,,,,,,,,,,,,,,,,,,,
ANCHOR,L-20-030,6820030,Light Vivid Red,Light,lucid,Tomato,,FALSE,,D65,10,0.68,0.2,30,0.68,0.17321,0.1,61.00034,61.64626,45.81734,61.00034,76.80814,36.62084,0.4702,0.29249,0.06778,0.44679,0.2835,0.08996,#FB5A46,251,90,70,6.51,96.07,63.1,,,,,,,,,,,,,,,,,,,,,,,,,,,,,,,
ANCHOR,L-20-036,6820036,Light Vivid Red,Light,lucid,Kimchi,,FALSE,,D65,10,0.68,0.2,36,0.68,0.1618,0.11756,61.15136,59.44141,56.29828,61.15136,81.87049,43.4444,0.46465,0.29421,0.04658,0.44011,0.28495,0.06165,#FA5D32,250,93,50,13.09,95.42,58.8,,,,,,,,,,,,,,,,,,,,,,,,,,,,,,,
ANCHOR,L-20-042,6820042,Light Vivid Red,Light,lucid,Circus,,FALSE,,D65,10,0.68,0.2,42,0.68,0.14863,0.13383,61.31353,56.65701,68.02117,61.31353,88.52625,50.208,0.45727,0.29607,0.02869,0.43189,0.28666,0.03773,#F86111,248,97,17,20.95,94.44,51.92,,,,,,,,,,,,,,,,,,,,,,,,,,,,,,,
ANCHOR,L-22-000,6822000,Light Vivid Magenta,Light,lucid,Infrared,,FALSE,,D65,10,0.68,0.22,0,0.68,0.22,0,60.11075,71.19659,1.04166,60.11075,71.20421,0.83822,0.49098,0.28246,0.22756,0.47699,0.27615,0.30299,#FC4A93,252,74,147,335.43,96.36,63.83,,,,,,,,,,,,,,,,,,,,,,,,,,,,,,,
ANCHOR,L-22-005,6822005,Light Vivid Magenta,Light,lucid,Lollipop,,FALSE,,D65,10,0.68,0.22,5.45455,0.68,0.219,0.02091,60.22554,71.52875,9.41544,60.22554,72.14577,7.49882,0.49404,0.28374,0.18732,0.47734,0.27651,0.24947,#FF4985,255,73,133,340.23,99.7,64.24,,,,,,,,,,,,,,,,,,,,,,,,,,,,,,,
ANCHOR,L-22-011,6622011,Light Vivid Magenta,Light,clear,Jasper,,FALSE,,D65,10,0.66,0.22,10.90909,0.66,0.21602,0.04164,58.02147,71.4647,18.1587,58.02147,73.73562,14.25676,0.45945,0.25984,0.13528,0.44155,0.25225,0.1803,#FA4171,250,65,113,344.54,94.57,61.69,,,,,,,,,,,,,,,,,,,,,,,,,,,,,,,
ANCHOR,L-22-016,6622016,Light Vivid Red,Light,clear,Scarlet,,FALSE,,D65,10,0.66,0.22,16.36364,0.66,0.21109,0.06198,58.14063,71.0719,27.2651,58.14063,76.12227,20.98816,0.45988,0.26109,0.10489,0.44001,0.25286,0.13985,#FB4261,251,66,97,349.69,96.2,62.13,,,,,,,,,,,,,,,,,,,,,,,,,,,,,,,
ANCHOR,L-22-022,6622022,Light Vivid Red,Light,clear,Furnace,,FALSE,,D65,10,0.66,0.22,21.81818,0.66,0.20424,0.08177,58.26389,70.25549,36.88986,58.26389,79.35172,27.70314,0.45887,0.2624,0.07811,0.43732,0.25365,0.10418,#FC4351,252,67,81,355.43,97.09,62.61,,,,,,,,,,,,,,,,,,,,,,,,,,,,,,,
ANCHOR,L-22-027,6622027,Light Vivid Red,Light,clear,Magma,,FALSE,,D65,10,0.66,0.22,27.27273,0.66,0.19554,0.10081,58.39281,68.9822,47.28057,58.39281,83.63011,34.42684,0.45635,0.26377,0.05478,0.4334,0.25461,0.07308,#FC463F,252,70,63,2.16,97.31,61.8,,,,,,,,,,,,,,,,,,,,,,,,,,,,,,,
ANCHOR,L-22-033,6622033,Light Vivid Red,Light,clear,Bloodshed,,FALSE,,D65,10,0.66,0.22,32.72727,0.66,0.18508,0.11894,58.52909,67.22185,58.96027,58.52909,89.41527,41.25399,0.45224,0.26522,0.03468,0.42817,0.25577,0.04627,#FC4927,252,73,39,9.54,97.05,57.07,,,,,,,,,,,,,,,,,,,,,,,,,,,,,,,
ANCHOR,L-24-000,6624000,Light Vivid Magenta,Light,clear,Cyberpink,,FALSE,,D65,10,0.66,0.24,0,0.66,0.24,0,57.5381,77.33135,1.18567,57.5381,77.34044,0.87841,0.47293,0.25478,0.20438,0.45892,0.24821,0.27249,#FC328C,252,50,140,333.2,96.73,59.18,,,,,,,,,,,,,,,,,,,,,,,,,,,,,,,
ANCHOR,L-24-005,6624005,Light Vivid Magenta,Light,clear,Pinkella,,FALSE,,D65,10,0.66,0.24,5,0.66,0.23909,0.02092,57.65184,77.74596,9.61416,57.65184,78.33816,7.04948,0.4762,0.25596,0.16677,0.45963,0.24852,0.22248,#FF307E,255,48,126,337.3,99.64,59.41,,,,,,,,,,,,,,,,,,,,,,,,,,,,,,,
ANCHOR,L-24-010,6424010,Light Vivid Magenta,Light,bright,Barberry,,FALSE,,D65,10,0.64,0.24,10,0.64,0.23635,0.04168,55.44388,77.81039,18.47155,55.44388,79.97284,13.35435,0.44284,0.23363,0.1184,0.42521,0.22589,0.15818,#FA256A,250,37,106,340.39,95.12,56.12,,,,,,,,,,,,,,,,,,,,,,,,,,,,,,,
ANCHOR,L-24-015,6424015,Light Vivid Red,Light,bright,Fireball,,FALSE,,D65,10,0.64,0.24,15,0.64,0.23182,0.06212,55.55666,77.61991,27.7781,55.55666,82.44073,19.69094,0.44386,0.23473,0.0901,0.42437,0.22638,0.12052,#FB255B,251,37,91,344.83,96.66,56.5,,,,,,,,,,,,,,,,,,,,,,,,,,,,,,,
ANCHOR,L-24-020,6424020,Light Vivid Red,Light,bright,Redshift,,FALSE,,D65,10,0.64,0.24,20,0.64,0.22553,0.08208,55.67111,77.06642,37.77168,55.67111,85.82501,26.11033,0.44365,0.23586,0.06514,0.42257,0.227,0.08729,#FC274B,252,39,75,349.91,97.63,57.06,,,,,,,,,,,,,,,,,,,,,,,,,,,,,,,
ANCHOR,L-24-025,6424025,Light Vivid Red,Light,bright,Mario,,FALSE,,D65,10,0.64,0.24,25,0.64,0.21751,0.10143,55.78892,76.11689,48.86173,55.78892,90.45026,32.69763,0.44213,0.23703,0.04336,0.41971,0.22777,0.05827,#FD2A37,253,42,55,356.17,98.02,57.77,,,,,,,,,,,,,,,,,,,,,,,,,,,,,,,
ANCHOR,L-24-030,6424030,Light Vivid Red,Light,bright,Red,,FALSE,,D65,10,0.64,0.24,30,0.64,0.20785,0.12,55.91191,74.74059,62.02019,55.91191,97.12189,39.68609,0.43922,0.23825,0.02454,0.41572,0.22868,0.03317,#FD2E1C,253,46,28,4.87,97.96,55.01,,,,,,,,,,,,,,,,,,,,,,,,,,,,,,,
ANCHOR,L-02-120,7402120,Light Muted Green,Light,pale,Fog,,FALSE,,D65,10,0.74,0.02,120,0.74,-0.01,0.01732,70.05039,-3.36965,6.63069,70.05039,7.43778,116.93921,0.383,0.40821,0.29365,0.3751,0.4076,0.387,#A9AD9F,169,173,159,77.32,7.78,65.07,,,,,,,,,,,,,,,,,,,,,,,,,,,,,,,
ANCHOR,D-02-120,2602120,Dark Muted Green,Dark,Stout,Thyme,,FALSE,,D65,10,0.26,0.02,120,0.26,-0.01,0.01732,14.35807,-3.22024,6.7965,14.35807,7.5208,115.35199,0.01604,0.01792,0.00974,0.01553,0.01785,0.01279,#23261B,35,38,27,76.09,16.95,12.59,,,,,,,,,,,,,,,,,,,,,,,,,,,,,,,
ANCHOR,L-02-180,7402180,Light Muted Green,Light,pale,Rain,,FALSE,,D65,10,0.74,0.02,180,0.74,-0.02,0,70.09116,-6.80208,-0.06303,70.09116,6.80237,180.5309,0.37291,0.40879,0.33773,0.36823,0.4094,0.44551,#9EAFAB,158,175,171,165.84,9.72,65.33,,,,,,,,,,,,,,,,,,,,,,,,,,,,,,,
ANCHOR,D-02-180,2602180,Dark Muted Green,Dark,Stout,Jungle,,FALSE,,D65,10,0.26,0.02,180,0.26,-0.02,0,14.41108,-6.86625,-0.05907,14.41108,6.8665,180.49288,0.01479,0.01802,0.01492,0.01465,0.01809,0.01966,#192724,25,39,36,167.25,21.74,12.66,,,,,,,,,,,,,,,,,,,,,,,,,,,,,,,
ANCHOR,L-02-240,7402240,Light Muted Blue,Light,pale,Horizon,,FALSE,,D65,10,0.74,0.02,240,0.74,-0.01,-0.01732,69.86694,-3.18001,-6.54906,69.86694,7.28029,244.10026,0.38113,0.40561,0.38107,0.3789,0.40687,0.50334,#A0ADB6,160,173,182,205.65,13.37,67.14,,,,,,,,,,,,,,,,,,,,,,,,,,,,,,,
ANCHOR,D-02-240,2602240,Dark Muted Blue,Dark,Stout,Nightfall,,FALSE,,D65,10,0.26,0.02,240,0.26,-0.01,-0.01732,14.17375,-2.91009,-6.43608,14.17375,7.06341,245.66973,0.01586,0.0176,0.02061,0.01605,0.01776,0.02725,#1B252D,27,37,45,205.21,24.39,14.14,,,,,,,,,,,,,,,,,,,,,,,,,,,,,,,
ANCHOR,L-02-300,7402300,Light Muted Magenta,Light,pale,Thistle,,FALSE,,D65,10,0.74,0.02,300,0.74,0.01,-0.01732,69.61553,3.53426,-6.4969,69.61553,7.39599,298.54581,0.39894,0.40205,0.37749,0.39577,0.4027,0.49887,#ACA8B6,172,168,182,258.56,8.57,68.64,,,,,,,,,,,,,,,,,,,,,,,,,,,,,,,
ANCHOR,D-02-300,2602300,Dark Muted Magenta,Dark,Stout,Caviar,,FALSE,,D65,10,0.26,0.02,300,0.26,0.01,-0.01732,13.92181,3.68858,-6.40319,13.92181,7.38962,299.94425,0.01801,0.01716,0.02012,0.01809,0.01725,0.02663,#25222C,37,34,44,259.67,13.41,15.36,,,,,,,,,,,,,,,,,,,,,,,,,,,,,,,
ANCHOR,L-04-120,7404120,Light Muted Green,Light,pale,Dill,,FALSE,,D65,10,0.74,0.04,120,0.74,-0.02,0.03464,70.24728,-6.5768,13.42874,70.24728,14.95278,116.09357,0.37568,0.41102,0.2553,0.36561,0.40984,0.33584,#A7AF93,167,175,147,76.67,14.87,63.13,,,,,,,,,,,,,,,,,,,,,,,,,,,,,,,
ANCHOR,D-04-120,2604120,Dark Muted Green,Dark,Stout,Kelp,,FALSE,,D65,10,0.26,0.04,120,0.26,-0.02,0.03464,14.52053,-5.99037,14.14219,14.52053,15.35858,112.95663,0.01527,0.01821,0.00577,0.01454,0.01808,0.00749,#212710,33,39,16,73.92,42.56,10.69,,,,,,,,,,,,,,,,,,,,,,,,,,,,,,,
ANCHOR,L-04-150,7404150,Light Muted Green,Light,pale,Dew,,FALSE,,D65,10,0.74,0.04,150,0.74,-0.03464,0.02,70.37146,-11.85216,7.58065,70.37146,14.06911,147.39698,0.36124,0.4128,0.29119,0.35404,0.4128,0.38337,#9AB29E,154,178,158,129.9,13.87,65.1,,,,,,,,,,,,,,,,,,,,,,,,,,,,,,,
ANCHOR,D-04-150,2604150,Dark Muted Green,Dark,Stout,Bush,,FALSE,,D65,10,0.26,0.04,150,0.26,-0.03464,0.02,14.67476,-11.96988,7.77624,14.67476,14.27403,146.99023,0.01341,0.01849,0.00947,0.01299,0.01849,0.01238,#15291A,21,41,26,133.32,32.81,12.24,,,,,,,,,,,,,,,,,,,,,,,,,,,,,,,
ANCHOR,L-04-180,7404180,Light Muted Green,Light,pale,Raindrop,,FALSE,,D65,10,0.74,0.04,180,0.74,-0.04,0,70.34224,-13.67223,-0.12174,70.34224,13.67277,180.51014,0.35542,0.41238,0.34109,0.35165,0.41359,0.4497,#90B4AC,144,180,172,166.58,18.98,63.47,,,,,,,,,,,,,,,,,,,,,,,,,,,,,,,
ANCHOR,D-04-180,2604180,Dark Muted Green,Dark,Stout,Opal,,FALSE,,D65,10,0.26,0.04,180,0.26,-0.04,0,14.66195,-13.95556,-0.10639,14.66195,13.95597,180.43677,0.01274,0.01847,0.01533,0.01272,0.01861,0.02017,#082A25,8,42,37,170.11,66.92,9.93,,,,,,,,,,,,,,,,,,,,,,,,,,,,,,,
ANCHOR,L-04-210,7404210,Light Muted Blue,Light,pale,Basin,,FALSE,,D65,10,0.74,0.04,210,0.74,-0.03464,-0.02,70.16009,-11.47257,-7.6029,70.16009,13.76314,213.53252,0.35964,0.40977,0.39272,0.35901,0.41193,0.51849,#8EB2B9,142,178,185,189.31,23.24,64.14,,,,,,,,,,,,,,,,,,,,,,,,,,,,,,,
ANCHOR,D-04-210,2604210,Dark Muted Blue,Dark,Stout,Slate,,FALSE,,D65,10,0.26,0.04,210,0.26,-0.03464,-0.02,14.46293,-11.09248,-7.42737,14.46293,13.3495,213.8057,0.0134,0.01811,0.02222,0.01379,0.01838,0.02936,#06292F,6,41,47,188.1,77.37,10.32,,,,,,,,,,,,,,,,,,,,,,,,,,,,,,,
ANCHOR,L-04-240,7404240,Light Muted Blue,Light,pale,Sail,,FALSE,,D65,10,0.74,0.04,240,0.74,-0.02,-0.03464,69.87972,-6.07249,-12.96842,69.87972,14.31975,244.90856,0.37236,0.40579,0.43072,0.37365,0.40834,0.56928,#95AFC2,149,175,194,205.43,27.03,67.19,,,,,,,,,,,,,,,,,,,,,,,,,,,,,,,
ANCHOR,D-04-240,2604240,Dark Muted Blue,Dark,Stout,Denim,,FALSE,,D65,10,0.26,0.04,240,0.26,-0.02,-0.03464,14.14473,-4.91188,-12.61922,14.14473,13.54146,248.73212,0.01508,0.01755,0.0278,0.01576,0.01788,0.0368,#102635,16,38,53,204.04,53.66,13.63,,,,,,,,,,,,,,,,,,,,,,,,,,,,,,,
ANCHOR,L-04-270,7404270,Light Muted Blue,Light,pale,Breeze,,FALSE,,D65,10,0.74,0.04,270,0.74,0,-0.04,69.59008,0.79137,-14.89093,69.59008,14.91195,273.04208,0.38985,0.40169,0.44224,0.39119,0.40396,0.5849,#A1AAC5,161,170,197,224.32,23.72,70.12,,,,,,,,,,,,,,,,,,,,,,,,,,,,,,,
ANCHOR,D-04-270,2604270,Dark Muted Blue,Dark,Stout,Tuxedo,,FALSE,,D65,10,0.26,0.04,270,0.26,0,-0.04,13.83376,2.03857,-14.49943,13.83376,14.64203,278.00313,0.0172,0.01701,0.02957,0.01791,0.01732,0.0392,#1C2338,28,35,56,225.53,32.32,16.45,,,,,,,,,,,,,,,,,,,,,,,,,,,,,,,
ANCHOR,L-04-300,7404300,Light Muted Magenta,Light,pale,Ozone,,FALSE,,D65,10,0.74,0.04,300,0.74,0.02,-0.03464,69.37637,7.23515,-12.88631,69.37637,14.77851,299.31249,0.40758,0.39869,0.42314,0.40699,0.40002,0.55978,#AEA6C1,174,166,193,259.17,18.04,70.29,,,,,,,,,,,,,,,,,,,,,,,,,,,,,,,
ANCHOR,D-04-300,2604300,Dark Muted Magenta,Dark,Stout,Jaguar,,FALSE,,D65,10,0.26,0.04,300,0.26,0.02,-0.03464,13.63841,7.86147,-12.597,13.63841,14.84881,301.96726,0.01924,0.01668,0.02666,0.01968,0.01686,0.03536,#271F35,39,31,53,261.36,25.14,16.47,,,,,,,,,,,,,,,,,,,,,,,,,,,,,,,
ANCHOR,L-04-330,7404330,Light Muted Magenta,Light,pale,Haze,,FALSE,,D65,10,0.74,0.04,330,0.74,0.03464,-0.02,69.28904,11.7615,-7.42844,69.28904,13.91095,327.72392,0.42126,0.39747,0.38021,0.41737,0.39749,0.50285,#BAA2B7,186,162,183,307.44,14.72,68.26,,,,,,,,,,,,,,,,,,,,,,,,,,,,,,,
ANCHOR,D-04-330,2604330,Dark Muted Magenta,Dark,Stout,Crow,,FALSE,,D65,10,0.26,0.04,330,0.26,0.03464,-0.02,13.58961,11.70646,-7.32605,13.58961,13.80986,327.96115,0.02083,0.0166,0.02048,0.02081,0.0166,0.02716,#2F1D2D,47,29,45,305.72,24.09,14.84,,,,,,,,,,,,,,,,,,,,,,,,,,,,,,,
ANCHOR,L-08-120,7408120,Light Muted Green,Light,pale,Herb,,FALSE,,D65,10,0.74,0.08,120,0.74,-0.04,0.06928,70.60272,-12.51278,27.71847,70.60272,30.4119,114.29554,0.36225,0.41612,0.18543,0.34824,0.41391,0.24262,#A4B379,164,179,121,75.27,27.41,58.77,,,,,,,,,,,,,,,,,,,,,,,,,,,,,,,
ANCHOR,D-08-120,3408120,Dark Muted Green,Dark,shaded,Parsley,,FALSE,,D65,10,0.34,0.08,120,0.34,-0.04,0.06928,24.09155,-11.0592,31.6533,24.09155,33.52965,109.25867,0.03265,0.04128,0.00524,0.03057,0.04088,0.00652,#333D01,51,61,1,70.45,97.3,12.21,,,,,,,,,,,,,,,,,,,,,,,,,,,,,,,
ANCHOR,L-08-150,7408150,Light Muted Green,Light,pale,Meadow,,FALSE,,D65,10,0.74,0.08,150,0.74,-0.06928,0.04,70.88453,-23.82288,15.35704,70.88453,28.34375,147.1928,0.33268,0.4202,0.25064,0.32402,0.42023,0.32892,#86B990,134,185,144,131.54,26.85,62.73,,,,,,,,,,,,,,,,,,,,,,,,,,,,,,,
ANCHOR,D-08-150,3008150,Dark Muted Green,Dark,smoked,Myrtle,,FALSE,,D65,10,0.3,0.08,150,0.3,-0.06928,0.04,19.7945,-24.30401,16.20043,19.7945,29.20854,146.3136,0.01694,0.02938,0.00972,0.01612,0.0294,0.01254,#033816,3,56,22,141.89,91.01,11.57,,,,,,,,,,,,,,,,,,,,,,,,,,,,,,,
ANCHOR,L-08-180,7408180,Light Muted Green,Light,pale,Shore,,FALSE,,D65,10,0.74,0.08,180,0.74,-0.08,0,70.84415,-27.63788,-0.22661,70.84415,27.63881,180.46977,0.32146,0.41961,0.3478,0.31945,0.422,0.45805,#6FBCAD,111,188,173,168.24,36.37,58.52,,,,,,,,,,,,,,,,,,,,,,,,,,,,,,,
ANCHOR,D-08-180,4608180,Dark Muted Green,Dark,Vintage,Moat,,FALSE,,D65,10,0.46,0.08,180,0.46,-0.08,0,38.36378,-28.03918,-0.20682,38.36378,28.03995,180.42262,0.06772,0.10293,0.08549,0.06774,0.10384,0.11246,#0C665A,12,102,90,171.54,78.39,22.5,,,,,,,,,,,,,,,,,,,,,,,,,,,,,,,
ANCHOR,L-08-210,7408210,Light Muted Blue,Light,pale,Oasis,,FALSE,,D65,10,0.74,0.08,210,0.74,-0.06928,-0.04,70.46172,-22.55268,-15.00226,70.46172,27.08674,213.63224,0.33111,0.41409,0.45555,0.33562,0.41842,0.60164,#6AB9C7,106,185,199,188.94,45.12,59.77,,,,,,,,,,,,,,,,,,,,,,,,,,,,,,,
ANCHOR,D-08-210,4808210,Dark Muted Blue,Dark,thin,Atlantis,,FALSE,,D65,10,0.48,0.08,210,0.48,-0.06928,-0.04,40.28137,-22.0756,-14.8169,40.28137,26.58708,213.86908,0.08272,0.11421,0.14433,0.08553,0.11605,0.19069,#0C6A76,12,106,118,187.3,81.44,25.6,,,,,,,,,,,,,,,,,,,,,,,,,,,,,,,
ANCHOR,L-08-240,7408240,Light Muted Blue,Light,pale,Sky,,FALSE,,D65,10,0.74,0.08,240,0.74,-0.04,-0.06928,69.86096,-10.92586,-25.51549,69.86096,27.75634,246.81915,0.35742,0.40552,0.53914,0.36625,0.41078,0.71334,#7BB2D9,123,178,217,204.84,54.75,66.67,,,,,,,,,,,,,,,,,,,,,,,,,,,,,,,
ANCHOR,D-08-240,3608240,Dark Muted Blue,Dark,quiet,Navy,,FALSE,,D65,10,0.36,0.08,240,0.36,-0.04,-0.06928,25.64884,-8.06194,-24.92628,25.64884,26.1976,252.07717,0.03888,0.04628,0.09336,0.04199,0.04761,0.12373,#044262,4,66,98,200.9,92.27,20.09,,,,,,,,,,,,,,,,,,,,,,,,,,,,,,,
ANCHOR,L-08-270,7408270,Light Muted Blue,Light,pale,Hydrangea,,FALSE,,D65,10,0.74,0.08,270,0.74,0,-0.08,69.25951,2.9129,-29.30189,69.25951,29.44632,275.67712,0.39206,0.39706,0.56518,0.40118,0.4018,0.74858,#97A9DE,151,169,222,224.91,52.01,73.16,,,,,,,,,,,,,,,,,,,,,,,,,,,,,,,
ANCHOR,D-08-270,2608270,Dark Muted Blue,Dark,Stout,Gem,,FALSE,,D65,10,0.26,0.08,270,0.26,0,-0.08,13.23654,8.19447,-28.43949,13.23654,29.59652,286.07364,0.01865,0.01601,0.05056,0.02065,0.01671,0.06716,#15204A,21,32,74,228.52,55.06,18.75,,,,,,,,,,,,,,,,,,,,,,,,,,,,,,,
ANCHOR,L-08-300,7408300,Light Muted Magenta,Light,pale,Lilac,,FALSE,,D65,10,0.74,0.08,300,0.74,0.04,-0.06928,68.85146,15.14457,-25.42288,68.85146,29.59191,300.78252,0.42626,0.39138,0.52224,0.43128,0.39419,0.69199,#B2A0D6,178,160,214,260.36,40.2,73.35,,,,,,,,,,,,,,,,,,,,,,,,,,,,,,,
ANCHOR,D-08-300,2608300,Dark Muted Magenta,Dark,Stout,Plum,,FALSE,,D65,10,0.26,0.08,300,0.26,0.04,-0.06928,12.91162,17.72243,-24.74001,12.91162,30.43276,305.6158,0.02225,0.01548,0.0428,0.02361,0.01591,0.05689,#2B1844,43,24,68,264.88,47.44,18.15,,,,,,,,,,,,,,,,,,,,,,,,,,,,,,,
ANCHOR,L-08-330,7408330,Light Muted Magenta,Light,pale,Mauve,,FALSE,,D65,10,0.74,0.08,330,0.74,0.06928,-0.04,68.71739,23.45707,-14.73835,68.71739,27.70294,327.85838,0.45276,0.38953,0.42884,0.45073,0.3896,0.56811,#C899C3,200,153,195,306.46,30.15,69.21,,,,,,,,,,,,,,,,,,,,,,,,,,,,,,,
ANCHOR,D-08-330,2608330,Dark Muted Magenta,Dark,Stout,Grape,,FALSE,,D65,10,0.26,0.08,330,0.26,0.06928,-0.04,12.95328,23.33543,-14.43785,12.95328,27.44073,328.25454,0.02508,0.01555,0.02749,0.02534,0.01557,0.03656,#381236,56,18,54,303.64,51,14.62,,,,,,,,,,,,,,,,,,,,,,,,,,,,,,,
ANCHOR,L-12-100,7412100,Light Vivid Yellow,Light,pale,Straw,,FALSE,,D65,10,0.74,0.12,100,0.74,-0.02084,0.11818,70.43016,-2.7967,51.29233,70.43016,51.36852,93.12095,0.38996,0.41364,0.09626,0.36913,0.40874,0.12438,#BDAC4A,189,172,74,51.5,46.25,51.49,,,,,,,,,,,,,,,,,,,,,,,,,,,,,,,
ANCHOR,L-12-120,7412120,Light Vivid Green,Light,pale,Kiwi,,FALSE,,D65,10,0.74,0.12,120,0.74,-0.06,0.10392,70.91053,-17.82763,43.4643,70.91053,46.9784,112.30183,0.35037,0.42057,0.12417,0.33291,0.41745,0.16088,#A1B65A,161,182,90,73.64,38.46,53.41,,,,,,,,,,,,,,,,,,,,,,,,,,,,,,,
ANCHOR,L-12-140,7412140,Light Vivid Green,Light,pale,Fern,,FALSE,,D65,10,0.74,0.12,140,0.74,-0.09193,0.07713,71.2702,-30.91843,30.79133,71.2702,43.63548,135.11801,0.31746,0.42582,0.17678,0.30467,0.42479,0.23035,#81BD74,129,189,116,109.19,35.94,59.83,,,,,,,,,,,,,,,,,,,,,,,,,,,,,,,
ANCHOR,D-12-140,3812140,Dark Vivid Green,Dark,toned,Forest,,FALSE,,D65,10,0.38,0.12,140,0.38,-0.09193,0.07713,29.39997,-30.58534,34.67959,29.39997,46.23999,131.41038,0.03472,0.05995,0.00855,0.03233,0.05974,0.01057,#155003,21,80,3,105.57,93.8,16.28,,,,,,,,,,,,,,,,,,,,,,,,,,,,,,,
ANCHOR,L-12-160,7412160,Light Vivid Green,Light,pale,Mint,,FALSE,,D65,10,0.74,0.12,160,0.74,-0.11276,0.04104,71.43284,-39.5791,15.59799,71.43284,42.54177,158.49077,0.296,0.4282,0.2546,0.28904,0.42944,0.33357,#5DC291,93,194,145,150.52,45.2,56.33,,,,,,,,,,,,,,,,,,,,,,,,,,,,,,,
ANCHOR,L-12-180,7412180,Light Vivid Green,Light,pale,Waterfall,,FALSE,,D65,10,0.74,0.12,180,0.74,-0.12,0,71.34576,-41.94533,-0.31545,71.34576,41.94652,180.43088,0.28884,0.42692,0.35448,0.28855,0.43046,0.46638,#39C3AE,57,195,174,170.62,54.84,49.45,,,,,,,,,,,,,,,,,,,,,,,,,,,,,,,
ANCHOR,L-12-200,7412200,Light Vivid Blue,Light,pale,Rapids,,FALSE,,D65,10,0.74,0.12,200,0.74,-0.11276,-0.04104,71.0008,-37.56819,-15.4301,71.0008,40.61351,202.32905,0.2964,0.42189,0.46695,0.30299,0.42752,0.61622,#24C1C9,36,193,201,182.7,69.7,46.34,,,,,,,,,,,,,,,,,,,,,,,,,,,,,,,
ANCHOR,L-12-220,7412220,Light Vivid Blue,Light,pale,Laguna,,FALSE,,D65,10,0.74,0.12,220,0.74,-0.09193,-0.07713,70.44593,-27.64166,-28.34261,70.44593,39.58995,225.71733,0.3167,0.41387,0.57569,0.32945,0.42113,0.76129,#39BCDF,57,188,223,192.64,72.11,54.85,,,,,,,,,,,,,,,,,,,,,,,,,,,,,,,
ANCHOR,L-12-240,7412240,Light Vivid Blue,Light,pale,Neptune,,FALSE,,D65,10,0.74,0.12,240,0.74,-0.06,-0.10392,69.77984,-14.42494,-37.79175,69.77984,40.45114,249.10837,0.34605,0.40437,0.66034,0.36308,0.41249,0.87447,#5CB4EF,92,180,239,203.83,81.79,64.8,,,,,,,,,,,,,,,,,,,,,,,,,,,,,,,
ANCHOR,L-12-260,7412260,Light Vivid Blue,Light,pale,Deluge,,FALSE,,D65,10,0.74,0.12,260,0.74,-0.02084,-0.11818,69.12652,-0.32511,-42.79143,69.12652,42.79267,269.5647,0.38008,0.3952,0.70254,0.39847,0.40315,0.9312,#7EABF6,126,171,246,217.3,87.41,72.93,,,,,,,,,,,,,,,,,,,,,,,,,,,,,,,
ANCHOR,D-12-260,3012260,Dark Vivid Blue,Dark,smoked,Storm,,FALSE,,D65,10,0.3,0.12,260,0.3,-0.02084,-0.11818,17.45306,10.18629,-41.82001,17.45306,43.04269,283.68922,0.02838,0.02398,0.10159,0.03299,0.02556,0.13501,#012868,1,40,104,217.15,98,20.66,,,,,,,,,,,,,,,,,,,,,,,,,,,,,,,
ANCHOR,L-12-280,7412280,Light Vivid Blue,Light,pale,Portage,,FALSE,,D65,10,0.74,0.12,280,0.74,0.02084,-0.11818,68.59767,12.776,-42.78294,68.59767,44.64982,286.62687,0.41474,0.38788,0.69235,0.43111,0.39456,0.91823,#9CA2F5,156,162,245,236.12,81.83,78.66,,,,,,,,,,,,,,,,,,,,,,,,,,,,,,,
ANCHOR,D-12-280,2612280,Dark Vivid Blue,Dark,Stout,Marlin,,FALSE,,D65,10,0.26,0.12,280,0.26,0.02084,-0.11818,12.05636,23.38425,-41.92332,12.05636,48.00404,299.15218,0.02319,0.01415,0.07593,0.02663,0.01523,0.10101,#1D145B,29,20,91,247.94,64.15,21.79,,,,,,,,,,,,,,,,,,,,,,,,,,,,,,,
ANCHOR,L-12-300,7412300,Light Vivid Magenta,Light,pale,Amethyst,,FALSE,,D65,10,0.74,0.12,300,0.74,0.06,-0.10392,68.25989,23.74331,-37.73689,68.25989,44.58495,302.1773,0.4469,0.38326,0.63221,0.45814,0.38771,0.83871,#B699EB,182,153,235,261.55,67.6,76.11,,,,,,,,,,,,,,,,,,,,,,,,,,,,,,,
ANCHOR,D-12-300,2612300,Dark Vivid Magenta,Dark,Stout,Blueberry,,FALSE,,D65,10,0.26,0.12,300,0.26,0.06,-0.10392,11.91876,29.73414,-36.93278,11.91876,47.41465,308.83713,0.02607,0.01394,0.06349,0.02861,0.01468,0.0845,#2F0B54,47,11,84,269.46,76.93,18.54,,,,,,,,,,,,,,,,,,,,,,,,,,,,,,,
ANCHOR,L-12-320,7412320,Light Vivid Magenta,Light,pale,Lavender,,FALSE,,D65,10,0.74,0.12,320,0.74,0.09193,-0.07713,68.12417,32.04212,-28.16005,68.12417,42.65777,318.68954,0.47416,0.38141,0.53589,0.47814,0.38304,0.71095,#CC91DA,204,145,218,288.85,49.37,71.21,,,,,,,,,,,,,,,,,,,,,,,,,,,,,,,
ANCHOR,D-12-320,2612320,Dark Vivid Magenta,Dark,Stout,Dahlia,,FALSE,,D65,10,0.26,0.12,320,0.26,0.09193,-0.07713,12.09563,33.57455,-27.50958,12.09563,43.40539,320.67024,0.02855,0.01421,0.04519,0.02981,0.01449,0.06017,#3B0347,59,3,71,290.12,92.84,14.36,,,,,,,,,,,,,,,,,,,,,,,,,,,,,,,
ANCHOR,L-12-340,7412340,Light Vivid Magenta,Light,pale,Primrose,,FALSE,,D65,10,0.74,0.12,340,0.74,0.11276,-0.04104,68.16146,37.41757,-15.00425,68.16146,40.3138,338.14947,0.4944,0.38191,0.42333,0.49034,0.38061,0.56144,#DD8CC3,221,140,195,319.63,54.52,70.8,,,,,,,,,,,,,,,,,,,,,,,,,,,,,,,
ANCHOR,D-12-340,2812340,Dark Vivid Magenta,Dark,ashen,Eggplant,,FALSE,,D65,10,0.28,0.12,340,0.28,0.11276,-0.04104,14.71756,36.41715,-14.7463,14.71756,39.28947,337.95563,0.03712,0.01857,0.03201,0.03706,0.01838,0.04267,#4B013B,75,1,59,313.24,97.2,14.94,,,,,,,,,,,,,,,,,,,,,,,,,,,,,,,
ANCHOR,L-16-105,7616105,Light Vivid Green,Light,chalky,Pesto,,FALSE,,D65,10,0.76,0.16,105,0.76,-0.04141,0.15455,73.01458,-7.20458,72.73738,73.01458,73.09331,95.65665,0.41164,0.45187,0.05428,0.38631,0.44585,0.06801,#C1B508,193,181,8,56.29,92.02,39.4,,,,,,,,,,,,,,,,,,,,,,,,,,,,,,,
ANCHOR,L-16-120,7416120,Light Vivid Green,Light,pale,Citrus,,FALSE,,D65,10,0.74,0.16,120,0.74,-0.08,0.13856,71.17462,-22.54378,62.02293,71.17462,65.99292,109.97494,0.33993,0.42442,0.07095,0.31948,0.42051,0.08988,#9EB92E,158,185,46,71.3,60.32,45.16,,,,,,,,,,,,,,,,,,,,,,,,,,,,,,,
ANCHOR,L-16-135,7416135,Light Vivid Green,Light,pale,Leaf,,FALSE,,D65,10,0.74,0.16,135,0.74,-0.11314,0.11314,71.58387,-36.83951,47.48582,71.58387,60.10036,127.80431,0.30502,0.43043,0.11442,0.28874,0.42848,0.14715,#7DC052,125,192,82,96.84,46.93,53.8,,,,,,,,,,,,,,,,,,,,,,,,,,,,,,,
ANCHOR,L-16-150,7416150,Light Vivid Green,Light,pale,Grass,,FALSE,,D65,10,0.74,0.16,150,0.74,-0.13856,0.08,71.85964,-48.25322,31.75132,71.85964,57.76261,146.6545,0.27837,0.4345,0.17703,0.26714,0.43468,0.23003,#51C672,81,198,114,136.97,50.73,54.8,,,,,,,,,,,,,,,,,,,,,,,,,,,,,,,
ANCHOR,L-16-165,7816165,Light Vivid Green,Light,frosted,Jade,,FALSE,,D65,10,0.78,0.16,165,0.78,-0.15455,0.04141,76.59932,-55.04119,15.57591,76.59932,57.20263,164.19921,0.31429,0.50869,0.30847,0.30806,0.51134,0.40382,#1BD79E,27,215,158,161.73,77.69,47.39,,,,,,,,,,,,,,,,,,,,,,,,,,,,,,,
ANCHOR,L-16-240,7216240,Light Vivid Blue,Light,fair,Swimmer,,FALSE,,D65,10,0.72,0.16,240,0.72,-0.08,-0.13856,67.29768,-16.12387,-49.85256,67.29768,52.3952,252.07717,0.31108,0.37028,0.74689,0.33592,0.38087,0.98987,#19AFFE,25,175,254,200.54,98.76,54.59,,,,,,,,,,,,,,,,,,,,,,,,,,,,,,,
ANCHOR,L-16-255,6816255,Light Vivid Blue,Light,lucid,Orchid,,FALSE,,D65,10,0.68,0.16,255,0.68,-0.04141,-0.15455,61.91061,-0.91216,-55.33604,61.91061,55.34356,269.05562,0.28979,0.30298,0.70369,0.3144,0.3126,0.93351,#4C99F8,76,153,248,213.09,92.67,63.64,,,,,,,,,,,,,,,,,,,,,,,,,,,,,,,
ANCHOR,L-16-270,6816270,Light Vivid Blue,Light,lucid,Iris,,FALSE,,D65,10,0.68,0.16,270,0.68,0,-0.16,61.29998,12.44781,-57.25971,61.29998,58.59712,282.26482,0.31854,0.29591,0.71342,0.34265,0.30485,0.94697,#7290FA,114,144,250,226.92,93.41,71.5,,,,,,,,,,,,,,,,,,,,,,,,,,,,,,,
ANCHOR,D-16-270,2616270,Dark Vivid Blue,Dark,Stout,Sapphire,,FALSE,,D65,10,0.26,0.16,270,0.26,0,-0.16,10.84918,33.93196,-57.17745,10.84918,66.48788,300.68701,0.02586,0.0124,0.11425,0.03165,0.01419,0.15206,#0F076F,15,7,111,244.58,87.39,23.27,,,,,,,,,,,,,,,,,,,,,,,,,,,,,,,
ANCHOR,L-16-285,7016285,Light Vivid Magenta,Light,light,Diva,,FALSE,,D65,10,0.7,0.16,285,0.7,0.04141,-0.15455,63.19334,23.7299,-55.42589,63.19334,60.2921,293.17758,0.37538,0.31819,0.72961,0.39747,0.32608,0.96875,#968DFD,150,141,253,244.65,96.03,77.21,,,,,,,,,,,,,,,,,,,,,,,,,,,,,,,
ANCHOR,D-16-285,2816285,Dark Vivid Magenta,Dark,ashen,Indigo,,FALSE,,D65,10,0.28,0.16,285,0.28,0.04141,-0.15455,13.04395,38.70168,-55.12178,13.04395,67.35155,305.07316,0.03396,0.0157,0.12007,0.03968,0.01742,0.15983,#290372,41,3,114,260.62,95.18,22.86,,,,,,,,,,,,,,,,,,,,,,,,,,,,,,,
ANCHOR,L-16-300,7216300,Light Vivid Magenta,Light,fair,Beauty,,FALSE,,D65,10,0.72,0.16,300,0.72,0.08,-0.13856,65.25987,33.20199,-49.88114,65.25987,59.92079,303.64862,0.43497,0.34376,0.70725,0.4524,0.34974,0.93921,#B58BF9,181,139,249,262.88,90.06,75.99,,,,,,,,,,,,,,,,,,,,,,,,,,,,,,,
ANCHOR,D-16-300,3016300,Dark Vivid Magenta,Dark,smoked,Royalty,,FALSE,,D65,10,0.3,0.16,300,0.3,0.08,-0.13856,15.54653,41.70222,-49.30841,15.54653,64.57859,310.22263,0.04327,0.02011,0.11501,0.04816,0.02151,0.15313,#3D006F,61,0,111,272.83,99.8,21.86,,,,,,,,,,,,,,,,,,,,,,,,,,,,,,,
ANCHOR,L-16-315,7416315,Light Vivid Magenta,Light,pale,Fandango,,FALSE,,D65,10,0.74,0.16,315,0.74,0.11314,-0.11314,67.48308,40.87152,-40.94699,67.48308,57.85445,314.94715,0.49636,0.37275,0.6518,0.50688,0.37611,0.8656,#D089EF,208,137,239,281.79,76.64,73.81,,,,,,,,,,,,,,,,,,,,,,,,,,,,,,,
ANCHOR,D-16-315,3416315,Dark Vivid Magenta,Dark,shaded,Purple,,FALSE,,D65,10,0.34,0.16,315,0.34,0.11314,-0.11314,20.58381,43.79043,-40.29182,20.58381,59.50658,317.38267,0.06309,0.03137,0.11391,0.06677,0.03229,0.15168,#55076F,85,7,111,285.27,87.88,23.06,,,,,,,,,,,,,,,,,,,,,,,,,,,,,,,
ANCHOR,L-16-330,7416330,Light Vivid Magenta,Light,pale,Hibiscus,,FALSE,,D65,10,0.74,0.16,330,0.74,0.13856,-0.08,67.50685,46.73762,-29.10477,67.50685,55.059,328.08837,0.51887,0.37307,0.53478,0.52098,0.37333,0.71019,#E282DA,226,130,218,304.81,62.21,69.89,,,,,,,,,,,,,,,,,,,,,,,,,,,,,,,
ANCHOR,D-16-330,3616330,Dark Vivid Magenta,Dark,quiet,Mulberry,,FALSE,,D65,10,0.36,0.16,330,0.36,0.13856,-0.08,23.21512,46.69992,-28.64823,23.21512,54.78689,328.47282,0.07745,0.03864,0.09199,0.07893,0.03876,0.12255,#670463,103,4,99,302.04,91.99,21,,,,,,,,,,,,,,,,,,,,,,,,,,,,,,,
ANCHOR,L-16-345,7416345,Light Vivid Magenta,Light,pale,Sangria,,FALSE,,D65,10,0.74,0.16,345,0.74,0.15455,-0.04141,67.63136,50.63909,-15.01096,67.63136,52.8171,343.48858,0.53605,0.37474,0.41617,0.52985,0.37204,0.55258,#F07EC2,240,126,194,324.23,78.97,71.65,,,,,,,,,,,,,,,,,,,,,,,,,,,,,,,
ANCHOR,D-16-345,3816345,Dark Vivid Magenta,Dark,toned,Cerise,,FALSE,,D65,10,0.38,0.16,345,0.38,0.15455,-0.04141,25.82045,49.41073,-14.84581,25.82045,51.59281,343.27672,0.09346,0.04686,0.0678,0.0925,0.0461,0.09039,#770255,119,2,85,317.25,96.81,23.67,,,,,,,,,,,,,,,,,,,,,,,,,,,,,,,
ANCHOR,L-20-108,9420108,Light Vivid Green,Light,SNOWY,,,FALSE,,D65,10,0.94,0.2,108,0.94,-0.0618,0.19021,94.23034,-12.81924,89.00968,94.23034,89.92806,98.19543,0.76226,0.85808,0.1064,0.71523,0.84727,0.13334,#F9F416,249,244,22,58.54,95.14,53.13,,,,,,,,,,,,,,,,,,,,,,,,,,,,,,,
ANCHOR,L-20-120,8620120,Light Vivid Green,Light,STELLAR,Citrine,,FALSE,,D65,10,0.86,0.2,120,0.86,-0.1,0.17321,85.39448,-27.72395,79.80246,85.39448,84.48106,109.1576,0.52905,0.66783,0.08847,0.49566,0.66136,0.11052,#C1E319,193,227,25,69.91,80.41,49.25,,,,,,,,,,,,,,,,,,,,,,,,,,,,,,,
ANCHOR,L-20-132,7420132,Light Vivid Green,Light,pale,Clover,,FALSE,,D65,10,0.74,0.2,132,0.74,-0.13383,0.14863,71.84542,-41.94428,67.36914,71.84542,79.35946,121.90655,0.29446,0.43429,0.06132,0.2752,0.43157,0.0763,#79C316,121,195,22,85.73,79.88,42.52,,,,,,,,,,,,,,,,,,,,,,,,,,,,,,,
ANCHOR,L-20-144,7420144,Light Vivid Green,Light,pale,Lime,,FALSE,,D65,10,0.74,0.2,144,0.74,-0.1618,0.11756,72.19575,-55.26043,49.21799,72.19575,74.00085,138.30998,0.26456,0.43951,0.11219,0.24972,0.43876,0.1435,#47C94E,71,201,78,123.13,54.89,53.45,,,,,,,,,,,,,,,,,,,,,,,,,,,,,,,
ANCHOR,L-20-156,8420156,Light Vivid Green,Light,tinted,Emerald,,FALSE,,D65,10,0.84,0.2,156,0.84,-0.18271,0.08135,84.03113,-64.87606,31.80758,84.03113,72.25389,153.88211,0.37913,0.64126,0.28703,0.36559,0.64295,0.37338,#1AF091,26,240,145,153.5,87.33,52.03,,,,,,,,,,,,,,,,,,,,,,,,,,,,,,,
ANCHOR,L-20-264,6220264,Light Vivid Blue,Light,Stern,Azure,,FALSE,,D65,10,0.62,0.2,264,0.62,-0.02091,-0.1989,53.83255,15.41613,-70.62016,53.83255,72.28323,282.31428,0.24439,0.21817,0.71889,0.27395,0.22855,0.95492,#457CFD,69,124,253,222,97.35,63.14,,,,,,,,,,,,,,,,,,,,,,,,,,,,,,,
ANCHOR,D-20-264,3620264,Dark Vivid Blue,Dark,quiet,Cobalt,,FALSE,,D65,10,0.36,0.2,264,0.36,-0.02091,-0.1989,22.37902,32.91538,-70.65481,22.37902,77.94565,294.97901,0.06019,0.03622,0.26419,0.07339,0.04043,0.35147,#0126A3,1,38,163,226.48,98.21,32.29,,,,,,,,,,,,,,,,,,,,,,,,,,,,,,,
ANCHOR,L-20-276,6220276,Light Vivid Blue,Light,Stern,Sailfish,,FALSE,,D65,10,0.62,0.2,276,0.62,0.02091,-0.1989,53.28879,27.12261,-70.68115,53.28879,75.70641,290.9934,0.26673,0.21312,0.70904,0.29479,0.2226,0.9422,#6A73FB,106,115,251,236.24,95.1,70,,,,,,,,,,,,,,,,,,,,,,,,,,,,,,,
ANCHOR,D-20-276,3420276,Dark Vivid Blue,Dark,shaded,Bluebell,,FALSE,,D65,10,0.34,0.2,276,0.34,0.02091,-0.1989,19.24377,44.5791,-70.98996,19.24377,83.82643,302.12732,0.05852,0.02805,0.2359,0.07019,0.03163,0.31397,#290E9B,41,14,155,251.56,83.59,33.18,,,,,,,,,,,,,,,,,,,,,,,,,,,,,,,
ANCHOR,L-20-288,6420288,Light Vivid Magenta,Light,bright,Bubblegum,,FALSE,,D65,10,0.64,0.2,288,0.64,0.0618,-0.19021,55.29126,36.37627,-67.73723,55.29126,76.8867,298.23671,0.31312,0.23213,0.71475,0.33903,0.24061,0.94997,#8A70FC,138,112,252,251.23,95.95,71.4,,,,,,,,,,,,,,,,,,,,,,,,,,,,,,,
ANCHOR,D-20-288,3620288,Dark Vivid Magenta,Dark,quiet,Violet,,FALSE,,D65,10,0.36,0.2,288,0.36,0.0618,-0.19021,21.53533,48.82824,-67.77287,21.53533,83.53059,305.77158,0.07208,0.03388,0.23986,0.08326,0.03722,0.31929,#41089C,65,8,156,263.2,90.39,32.22,,,,,,,,,,,,,,,,,,,,,,,,,,,,,,,
ANCHOR,L-20-300,6820300,Light Vivid Magenta,Light,lucid,Perfume,,FALSE,,D65,10,0.68,0.2,300,0.68,0.1,-0.17321,59.80797,43.85606,-61.91126,59.80797,75.87067,305.3126,0.39271,0.27911,0.73703,0.4154,0.28626,0.97964,#AD74FF,173,116,255,264.55,100.03,72.78,,,,,,,,,,,,,,,,,,,,,,,,,,,,,,,
ANCHOR,D-20-300,3820300,Dark Vivid Magenta,Dark,toned,Charisma,,FALSE,,D65,10,0.38,0.2,300,0.38,0.1,-0.17321,24.04703,51.87223,-61.62194,24.04703,80.54807,310.09006,0.08727,0.04115,0.23011,0.09699,0.04392,0.30636,#560499,86,4,153,273.18,95.3,30.8,,,,,,,,,,,,,,,,,,,,,,,,,,,,,,,
ANCHOR,L-20-312,7220312,Light Vivid Magenta,Light,fair,Amaranth,,FALSE,,D65,10,0.72,0.2,312,0.72,0.13383,-0.14863,64.43544,50.37816,-53.39262,64.43544,73.40798,313.33607,0.483,0.3334,0.73085,0.50002,0.33841,0.97141,#CE79FD,206,121,253,278.47,97.6,73.37,,,,,,,,,,,,,,,,,,,,,,,,,,,,,,,
ANCHOR,D-20-312,4020312,Dark Vivid Magenta,Dark,muted,Idol,,FALSE,,D65,10,0.4,0.2,312,0.4,0.13383,-0.14863,26.67795,54.4667,-52.8906,26.67795,75.92125,315.84109,0.10456,0.0498,0.20865,0.11195,0.05172,0.27784,#6A0092,106,0,146,283.49,99.68,28.76,,,,,,,,,,,,,,,,,,,,,,,,,,,,,,,
ANCHOR,L-20-324,7420324,Light Vivid Magenta,Light,pale,Rose,,FALSE,,D65,10,0.74,0.2,324,0.74,0.1618,-0.11756,66.81272,55.99229,-42.45755,66.81272,70.26934,322.82787,0.54322,0.36385,0.65556,0.55209,0.36587,0.87136,#E678F1,230,120,241,294.76,80.85,70.7,,,,,,,,,,,,,,,,,,,,,,,,,,,,,,,
ANCHOR,D-20-324,4420324,Dark Vivid Magenta,Dark,Subtle,Disco,,FALSE,,D65,10,0.44,0.2,324,0.44,0.1618,-0.11756,31.70405,56.92883,-41.98795,31.70405,70.73811,323.58931,0.13962,0.06955,0.19777,0.1443,0.07044,0.2634,#830B8E,131,11,142,294.95,86.09,30,,,,,,,,,,,,,,,,,,,,,,,,,,,,,,,
ANCHOR,L-20-336,7420336,Light Vivid Magenta,Light,pale,Dimple,,FALSE,,D65,10,0.74,0.2,336,0.74,0.18271,-0.08135,66.93447,60.40414,-29.49642,66.93447,67.22127,333.97291,0.56293,0.36545,0.52928,0.56291,0.36427,0.70358,#F572DA,245,114,218,312.37,86.85,70.32,,,,,,,,,,,,,,,,,,,,,,,,,,,,,,,
ANCHOR,D-20-336,4620336,Dark Vivid Magenta,Dark,Vintage,Rhubarb,,FALSE,,D65,10,0.46,0.2,336,0.46,0.18271,-0.08135,34.32781,59.78854,-29.20371,34.32781,66.53966,333.96681,0.16346,0.08167,0.16089,0.16447,0.08123,0.21438,#950681,149,6,129,308.5,92.02,30.46,,,,,,,,,,,,,,,,,,,,,,,,,,,,,,,
ANCHOR,L-20-348,7220348,Light Vivid Magenta,Light,fair,Rowan,,FALSE,,D65,10,0.72,0.2,348,0.72,0.19563,-0.04158,64.78963,63.42147,-14.92429,64.78963,65.1538,346.75812,0.53814,0.33783,0.37828,0.5303,0.3339,0.50295,#FA66BA,250,102,186,325.8,93.47,69.02,,,,,,,,,,,,,,,,,,,,,,,,,,,,,,,
ANCHOR,D-20-348,4820348,Dark Vivid Magenta,Dark,thin,Pleasure,,FALSE,,D65,10,0.48,0.2,348,0.48,0.19563,-0.04158,36.92039,62.35701,-14.82292,36.92039,64.09458,346.62837,0.18905,0.09495,0.12307,0.18622,0.09313,0.1641,#A50371,165,3,113,319.46,96,33.1,,,,,,,,,,,,,,,,,,,,,,,,,,,,,,,
ANCHOR,L-24-130,9024130,Light Vivid Green,Light,SOLAR,,,FALSE,,D65,10,0.9,0.24,130,0.9,-0.15427,0.18385,90.73088,-47.47324,84.17053,90.73088,96.63532,119.42355,0.54176,0.77893,0.10267,0.50614,0.7735,0.12728,#A7FB0F,167,251,15,81.34,96.82,52.25,,,,,,,,,,,,,,,,,,,,,,,,,,,,,,,
ANCHOR,L-24-140,7624140,Light Vivid Green,Light,chalky,Green,,FALSE,,D65,10,0.76,0.24,140,0.76,-0.18385,0.15427,74.79995,-61.17068,69.35918,74.79995,92.47999,131.41038,0.27776,0.4796,0.06837,0.25864,0.47796,0.08454,#46D312,70,211,18,103.91,83.9,44.93,,,,,,,,,,,,,,,,,,,,,,,,,,,,,,,
ANCHOR,L-24-270,5624270,Light Vivid Blue,Light,Hidden,Kyanite,,FALSE,,D65,10,0.56,0.24,270,0.56,0,-0.24,45.43715,34.72444,-85.00525,45.43715,91.82418,292.2199,0.20733,0.14857,0.71788,0.24008,0.15927,0.95455,#445BFE,68,91,254,232.33,98.78,63.05,,,,,,,,,,,,,,,,,,,,,,,,,,,,,,,
ANCHOR,D-24-270,3824270,Dark Vivid Blue,Dark,toned,Royal,,FALSE,,D65,10,0.38,0.24,270,0.38,0,-0.24,22.96712,52.33595,-85.89912,22.96712,100.58683,301.35279,0.08248,0.03791,0.37,0.10133,0.04373,0.49248,#220EBE,34,14,190,246.73,86.56,40.02,,,,,,,,,,,,,,,,,,,,,,,,,,,,,,,
ANCHOR,L-24-280,5624280,Light Vivid Blue,Light,Hidden,Janitor,,FALSE,,D65,10,0.56,0.24,280,0.56,0.04168,-0.23635,44.97666,44.34998,-83.81176,44.97666,94.82264,297.88608,0.2236,0.14525,0.69569,0.2543,0.155,0.9253,#6351FB,99,81,251,246.27,94.98,65.05,,,,,,,,,,,,,,,,,,,,,,,,,,,,,,,
ANCHOR,D-24-280,4024280,Dark Vivid Blue,Dark,muted,Prunelle,,FALSE,,D65,10,0.4,0.24,280,0.4,0.04168,-0.23635,25.12067,57.1951,-84.47243,25.12067,102.01407,304.10138,0.0994,0.04455,0.38683,0.11842,0.05031,0.51494,#3F03C2,63,3,194,258.76,96.65,38.72,,,,,,,,,,,,,,,,,,,,,,,,,,,,,,,
ANCHOR,L-24-290,5824290,Light Vivid Magenta,Light,STARK,Byzantine,,FALSE,,D65,10,0.58,0.24,290,0.58,0.08208,-0.22553,47.12688,51.18178,-80.06415,47.12688,95.02549,302.58914,0.26064,0.16116,0.69525,0.28929,0.17001,0.92484,#804EFA,128,78,250,257.23,94.86,64.46,,,,,,,,,,,,,,,,,,,,,,,,,,,,,,,
ANCHOR,D-24-290,4424290,Dark Vivid Magenta,Dark,Subtle,Indiglow,,FALSE,,D65,10,0.44,0.24,290,0.44,0.08208,-0.22553,30.02973,58.97083,-80.30946,30.02973,99.63517,306.28965,0.13152,0.06248,0.41985,0.15078,0.06821,0.5589,#5B10C9,91,16,201,264.44,85.57,42.51,,,,,,,,,,,,,,,,,,,,,,,,,,,,,,,
ANCHOR,L-24-300,6224300,Light Vivid Magenta,Light,Stern,Barney,,FALSE,,D65,10,0.62,0.24,300,0.62,0.12,-0.20785,51.81183,56.37437,-73.93432,51.81183,92.97501,307.32525,0.32699,0.19978,0.71698,0.35317,0.20758,0.95377,#A053FD,160,83,253,266.98,98.11,65.97,,,,,,,,,,,,,,,,,,,,,,,,,,,,,,,
ANCHOR,D-24-300,4624300,Dark Vivid Magenta,Dark,Vintage,Shiner,,FALSE,,D65,10,0.46,0.24,300,0.46,0.12,-0.20785,32.54673,62.04732,-73.9365,32.54673,96.52189,310.00328,0.15405,0.0733,0.40402,0.17105,0.07816,0.53788,#710BC6,113,11,198,272.96,89.89,40.81,,,,,,,,,,,,,,,,,,,,,,,,,,,,,,,
ANCHOR,L-24-310,6624310,Light Vivid Magenta,Light,clear,Magentle,,FALSE,,D65,10,0.66,0.24,310,0.66,0.15427,-0.18385,56.56969,61.24048,-65.61457,56.56969,89.75337,313.02517,0.4037,0.24485,0.71566,0.42534,0.2509,0.95204,#BF58FD,191,88,253,277.35,97.17,66.82,,,,,,,,,,,,,,,,,,,,,,,,,,,,,,,
ANCHOR,D-24-310,4824310,Dark Vivid Magenta,Dark,thin,Purplex,,FALSE,,D65,10,0.48,0.24,310,0.48,0.15427,-0.18385,35.16369,64.73778,-65.40987,35.16369,92.02952,314.70412,0.17909,0.0858,0.37393,0.19279,0.08945,0.49791,#8605BF,134,5,191,281.71,94.5,38.44,,,,,,,,,,,,,,,,,,,,,,,,,,,,,,,
ANCHOR,L-24-320,7024320,Light Vivid Magenta,Light,light,Vaporwave,,FALSE,,D65,10,0.7,0.24,320,0.7,0.18385,-0.15427,61.37153,65.81136,-55.3149,61.37153,85.97019,319.95272,0.49117,0.29674,0.69316,0.50629,0.30035,0.92212,#DC5EF8,220,94,248,289.2,92.06,67.05,,,,,,,,,,,,,,,,,,,,,,,,,,,,,,,
ANCHOR,L-24-330,7424330,Light Vivid Magenta,Light,pale,Pinkinity,,FALSE,,D65,10,0.74,0.24,330,0.74,0.20785,-0.12,66.197,69.99952,-43.26176,66.197,82.28921,328.28272,0.58926,0.35579,0.65283,0.59611,0.35637,0.86846,#F964F1,249,100,241,303.44,93.08,68.47,,,,,,,,,,,,,,,,,,,,,,,,,,,,,,,
ANCHOR,L-24-340,7024340,Light Vivid Magenta,Light,light,Kisses,,FALSE,,D65,10,0.7,0.24,340,0.7,0.22553,-0.08208,61.73216,73.36986,-29.62542,61.73216,79.12523,338.01204,0.52557,0.3009,0.452,0.52381,0.29851,0.60163,#F84FCC,248,79,204,315.57,92.37,64.03,,,,,,,,,,,,,,,,,,,,,,,,,,,,,,,
ANCHOR,L-24-350,6824350,Light Vivid Magenta,Light,lucid,Anarchist,,FALSE,,D65,10,0.68,0.24,350,0.68,0.23635,-0.04168,59.63033,75.81793,-14.78315,59.63033,77.24571,348.96677,0.50045,0.27715,0.3156,0.49173,0.27236,0.42035,#FB40AD,251,64,173,325.19,95.97,61.85,,,,,,,,,,,,,,,,,,,,,,,,,,,,,,,
ANCHOR,L-28-266,5028266,Light Vivid Blue,Light,SLIGHT,,,FALSE,,D65,10,0.5,0.28,265.71429,0.5,-0.02092,-0.27922,37.08093,48.71598,-99.25258,37.08093,110.56365,296.14312,0.16487,0.09582,0.71608,0.20062,0.10716,0.95271,#1A3DFF,26,61,255,230.93,99.64,55.04,,,,,,,,,,,,,,,,,,,,,,,,,,,,,,,
ANCHOR,D-28-266,4228266,Dark Vivid Blue,Dark,Lone,Blue,,FALSE,,D65,10,0.42,0.28,265.71429,0.42,-0.02092,-0.27922,26.71998,60.12844,-100.17247,26.71998,116.83302,300.97425,0.11243,0.04995,0.54172,0.14054,0.05866,0.72105,#110CE2,17,12,226,241.44,89.66,46.66,,,,,,,,,,,,,,,,,,,,,,,,,,,,,,,
ANCHOR,L-28-274,5028274,Light Vivid Blue,Light,SLIGHT,,,FALSE,,D65,10,0.5,0.28,274.28571,0.5,0.02092,-0.27922,36.49102,58.12035,-99.42077,36.49102,115.16277,300.31012,0.17741,0.09266,0.70656,0.21206,0.10342,0.94027,#452EFD,69,46,253,246.6,98.35,58.72,,,,,,,,,,,,,,,,,,,,,,,,,,,,,,,
ANCHOR,D-28-274,4628274,Dark Vivid Blue,Dark,Vintage,Zaffre,,FALSE,,D65,10,0.46,0.28,274.28571,0.46,0.02092,-0.27922,31.36543,62.86919,-99.80506,31.36543,117.95586,302.20764,0.14689,0.06808,0.61635,0.17776,0.07756,0.82039,#3E15EF,62,21,239,251.32,87.04,50.86,,,,,,,,,,,,,,,,,,,,,,,,,,,,,,,
ANCHOR,L-28-283,5028283,Light Vivid Blue,Light,SLIGHT,,,FALSE,,D65,10,0.5,0.28,282.85714,0.5,0.06231,-0.27298,36.14143,65.32067,-97.27997,36.14143,117.17586,303.88021,0.18828,0.09082,0.67638,0.22058,0.10062,0.90029,#5E1DF9,94,29,249,257.68,94.44,54.44,,,,,,,,,,,,,,,,,,,,,,,,,,,,,,,
ANCHOR,D-28-283,4828283,Dark Vivid Blue,Dark,thin,Vesper,,FALSE,,D65,10,0.48,0.28,282.85714,0.48,0.06231,-0.27298,33.60118,67.29316,-97.44272,33.60118,118.42066,304.62865,0.17133,0.07818,0.63169,0.20186,0.08739,0.84088,#590BF1,89,11,241,260.46,91.54,49.41,,,,,,,,,,,,,,,,,,,,,,,,,,,,,,,
ANCHOR,L-28-291,5428291,Light Vivid Magenta,Light,GENTLE,Burple,,FALSE,,D65,10,0.54,0.28,291.42857,0.54,0.1023,-0.26064,41.00461,67.77477,-92.70065,41.00461,114.83392,306.17107,0.23766,0.11867,0.71848,0.26978,0.12824,0.95633,#7C25FF,124,37,255,263.79,99.97,57.32,,,,,,,,,,,,,,,,,,,,,,,,,,,,,,,
ANCHOR,L-28-300,5628300,Light Vivid Magenta,Light,Hidden,Phlox,,FALSE,,D65,10,0.56,0.28,300,0.56,0.14,-0.24249,43.48757,71.29151,-86.21469,43.48757,111.87248,309.58758,0.27148,0.13487,0.69388,0.30017,0.14311,0.92369,#9322FB,147,34,251,271.3,96.36,55.84,,,,,,,,,,,,,,,,,,,,,,,,,,,,,,,
ANCHOR,L-28-309,6028309,Light Vivid Magenta,Light,sheer,Barbara,,FALSE,,D65,10,0.6,0.28,308.57143,0.6,0.17458,-0.21891,48.45933,73.87332,-77.87758,48.45933,107.34144,313.48849,0.33564,0.17159,0.69647,0.36079,0.17843,0.92718,#B02AFB,176,42,251,278.37,96.2,57.51,,,,,,,,,,,,,,,,,,,,,,,,,,,,,,,
ANCHOR,L-28-317,6628317,Light Vivid Magenta,Light,clear,Nebula,,FALSE,,D65,10,0.66,0.28,317.14286,0.66,0.20525,-0.19045,55.78714,76.5983,-67.94352,55.78714,102.38955,318.42663,0.44376,0.23701,0.72675,0.4645,0.24208,0.96744,#D33BFF,211,59,255,286.51,99.89,61.6,,,,,,,,,,,,,,,,,,,,,,,,,,,,,,,
ANCHOR,L-28-326,7028326,Light Vivid Magenta,Light,light,Fuchsia,,FALSE,,D65,10,0.7,0.28,325.71429,0.7,0.23135,-0.15773,60.70895,79.97954,-56.50347,60.70895,97.92532,324.75979,0.5341,0.28918,0.69367,0.54752,0.29151,0.92348,#EF42F9,239,66,249,296.84,93.82,61.77,,,,,,,,,,,,,,,,,,,,,,,,,,,,,,,
ANCHOR,L-28-334,7028334,Light Vivid Magenta,Light,light,Magenta,,FALSE,,D65,10,0.7,0.28,334.28571,0.7,0.25227,-0.12149,60.94483,83.25653,-43.66707,60.94483,94.0131,332.32352,0.55103,0.29185,0.56546,0.55553,0.29104,0.75307,#FC37E3,252,55,227,307.78,97.49,60.38,,,,,,,,,,,,,,,,,,,,,,,,,,,,,,,
ANCHOR,L-28-343,6628343,Light Vivid Magenta,Light,clear,,,FALSE,,D65,10,0.66,0.28,342.85714,0.66,0.26756,-0.08253,56.53908,85.84277,-29.6363,56.53908,90.8146,340.95331,0.48823,0.24454,0.38187,0.485,0.24116,0.50903,#F90BBE,249,11,190,314.86,95.19,51.07,,,,,,,,,,,,,,,,,,,,,,,,,,,,,,,
ADJECTIVE,10,1000000,Black,Layer,inky,,,FALSE,,D65,10,0.1,0,0,0.1,0,0,0.9033,0,0,0.9033,0,0,0.00096,0.001,0.00083,0.00095,0.001,0.00109,#030303,3,3,3,337.14,0,1.29,,,,,,,,,,,,,,,,,,,,,,,,,,,,,,,
ADJECTIVE,12,1200000,Black,Layer,NOCTURNAL,,,FALSE,,D65,10,0.12,0,0,0.12,0,0,1.5609,0,0,1.5609,0,0,0.00167,0.00173,0.00143,0.00164,0.00173,0.00188,#060606,6,6,6,341.25,0,2.23,,,,,,,,,,,,,,,,,,,,,,,,,,,,,,,
ADJECTIVE,14,1400000,Black,Layer,UMBRAL,,,FALSE,,D65,10,0.14,0,0,0.14,0,0,2.47865,0,0,2.47865,0,0,0.00265,0.00274,0.00226,0.00261,0.00274,0.00299,#090909,9,9,9,340,0,3.55,,,,,,,,,,,,,,,,,,,,,,,,,,,,,,,
ADJECTIVE,16,1600000,Black,Layer,MIDNIGHT,,,FALSE,,D65,10,0.16,0,0,0.16,0,0,3.6999,0,0,3.6999,0,0,0.00395,0.0041,0.00338,0.00389,0.0041,0.00446,#0D0D0D,13,13,13,336,0,5.18,,,,,,,,,,,,,,,,,,,,,,,,,,,,,,,
ADJECTIVE,18,1800000,Black,Layer,STARLIT,,,FALSE,,D65,10,0.18,0,0,0.18,0,0,5.26802,0,0,5.26802,0,0,0.00562,0.00583,0.00481,0.00554,0.00583,0.00635,#121212,18,18,18,345,0,6.87,,,,,,,,,,,,,,,,,,,,,,,,,,,,,,,
ADJECTIVE,20,2000000,Black,Layer,MOONLIT,,,FALSE,,D65,10,0.2,0,0,0.2,0,0,7.22637,0,0,7.22637,0,0,0.00771,0.008,0.0066,0.0076,0.008,0.00871,#161616,22,22,22,340,0,8.61,,,,,,,,,,,,,,,,,,,,,,,,,,,,,,,
ADJECTIVE,22,2200000,Black,Layer,LUNAR,,,FALSE,,D65,10,0.22,0,0,0.22,0,0,9.52,0,0,9.52,0,0,0.01027,0.01065,0.00879,0.01012,0.01065,0.0116,#1B1B1B,27,27,27,336,0,10.4,,,,,,,,,,,,,,,,,,,,,,,,,,,,,,,
ADJECTIVE,24,2400000,Black,Layer,nightly,,,FALSE,,D65,10,0.24,0,0,0.24,0,0,11.84,0,0,11.84,0,0,0.01333,0.01382,0.01141,0.01314,0.01382,0.01506,#1F1F1F,31,31,31,345,0,12.22,,,,,,,,,,,,,,,,,,,,,,,,,,,,,,,
ADJECTIVE,26,2600000,Black,Layer,Stout,,,FALSE,,D65,10,0.26,0,0,0.26,0,0,14.16,0,0,14.16,0,0,0.01695,0.01758,0.0145,0.01671,0.01758,0.01914,#242424,36,36,36,345,0,14.09,,,,,,,,,,,,,,,,,,,,,,,,,,,,,,,
ADJECTIVE,28,2800000,Black,Layer,ashen,,,FALSE,,D65,10,0.28,0,0,0.28,0,0,16.48,0,0,16.48,0,0,0.02117,0.02195,0.01811,0.02086,0.02195,0.02391,#292929,41,41,41,334.29,0,15.99,,,,,,,,,,,,,,,,,,,,,,,,,,,,,,,
ADJECTIVE,30,3000000,Black,Layer,smoked,,,FALSE,,D65,10,0.3,0,0,0.3,0,0,18.8,0,0,18.8,0,0,0.02604,0.027,0.02228,0.02566,0.027,0.0294,#2E2E2E,46,46,46,334.29,0,17.92,,,,,,,,,,,,,,,,,,,,,,,,,,,,,,,
ADJECTIVE,32,3200000,Dark Grey,Layer,deep,,,FALSE,,D65,10,0.32,0,0,0.32,0,0,21.12,0,0,21.12,0,0,0.0316,0.03277,0.02704,0.03114,0.03277,0.03569,#333,51,51,51,340,0,19.89,,,,,,,,,,,,,,,,,,,,,,,,,,,,,,,
ADJECTIVE,34,3400000,Dark Grey,Layer,shaded,,,FALSE,,D65,10,0.34,0,0,0.34,0,0,23.44,0,0,23.44,0,0,0.0379,0.0393,0.03243,0.03736,0.0393,0.0428,#383838,56,56,56,348,0,21.89,,,,,,,,,,,,,,,,,,,,,,,,,,,,,,,
ADJECTIVE,36,3600000,Dark Grey,Layer,quiet,,,FALSE,,D65,10,0.36,0,0,0.36,0,0,25.76,0,0,25.76,0,0,0.04499,0.04666,0.0385,0.04434,0.04666,0.05081,#3D3D3D,61,61,61,336,0,23.92,,,,,,,,,,,,,,,,,,,,,,,,,,,,,,,
ADJECTIVE,38,3800000,Dark Grey,Layer,toned,,,FALSE,,D65,10,0.38,0,0,0.38,0,0,28.08,0,0,28.08,0,0,0.05291,0.05487,0.04528,0.05215,0.05487,0.05976,#424242,66,66,66,340,0,25.98,,,,,,,,,,,,,,,,,,,,,,,,,,,,,,,
ADJECTIVE,40,4000000,Dark Grey,Layer,muted,,,FALSE,,D65,10,0.4,0,0,0.4,0,0,30.4,0,0,30.4,0,0,0.06171,0.064,0.05281,0.06083,0.064,0.0697,#484848,72,72,72,342.86,0,28.06,,,,,,,,,,,,,,,,,,,,,,,,,,,,,,,
ADJECTIVE,42,4200000,Dark Grey,Layer,Lone,,,FALSE,,D65,10,0.42,0,0,0.42,0,0,32.72,0,0,32.72,0,0,0.07144,0.07409,0.06113,0.07042,0.07409,0.08069,#4D4D4D,77,77,77,337.5,0,30.17,,,,,,,,,,,,,,,,,,,,,,,,,,,,,,,
ADJECTIVE,44,4400000,Dark Grey,Layer,Subtle,,,FALSE,,D65,10,0.44,0,0,0.44,0,0,35.04,0,0,35.04,0,0,0.08214,0.08518,0.07029,0.08096,0.08518,0.09277,#525252,82,82,82,330,0,32.31,,,,,,,,,,,,,,,,,,,,,,,,,,,,,,,
ADJECTIVE,46,4600000,Dark Grey,Layer,Vintage,,,FALSE,,D65,10,0.46,0,0,0.46,0,0,37.36,0,0,37.36,0,0,0.09386,0.09734,0.08031,0.09251,0.09734,0.106,#585858,88,88,88,351.43,0,34.47,,,,,,,,,,,,,,,,,,,,,,,,,,,,,,,
ADJECTIVE,48,4800000,Dark Grey,Layer,thin,,,FALSE,,D65,10,0.48,0,0,0.48,0,0,39.68,0,0,39.68,0,0,0.10664,0.11059,0.09125,0.10511,0.11059,0.12044,#5D5D5D,93,93,93,346.67,0,36.65,,,,,,,,,,,,,,,,,,,,,,,,,,,,,,,
ADJECTIVE,50,5000000,Light Grey,Layer,SLIGHT,,,FALSE,,D65,10,0.5,0,0,0.5,0,0,42,0,0,42,0,0,0.12054,0.125,0.10314,0.11881,0.125,0.13613,#636363,99,99,99,345,0,38.86,,,,,,,,,,,,,,,,,,,,,,,,,,,,,,,
ADJECTIVE,52,5200000,Light Grey,Layer,core,,,FALSE,,D65,10,0.52,0,0,0.52,0,0,44.32,0,0,44.32,0,0,0.13559,0.14061,0.11602,0.13364,0.14061,0.15313,#696969,105,105,105,340,0,41.09,,,,,,,,,,,,,,,,,,,,,,,,,,,,,,,
ADJECTIVE,54,5400000,Light Grey,Layer,GENTLE,,,FALSE,,D65,10,0.54,0,0,0.54,0,0,46.64,0,0,46.64,0,0,0.15184,0.15746,0.12992,0.14966,0.15746,0.17149,#6F6F6F,111,111,111,334.29,0,43.34,,,,,,,,,,,,,,,,,,,,,,,,,,,,,,,
ADJECTIVE,56,5600000,Light Grey,Layer,Hidden,,,FALSE,,D65,10,0.56,0,0,0.56,0,0,48.96,0,0,48.96,0,0,0.16935,0.17562,0.1449,0.16692,0.17562,0.19126,#747474,116,116,116,336,0,45.61,,,,,,,,,,,,,,,,,,,,,,,,,,,,,,,
ADJECTIVE,58,5800000,Light Grey,Layer,STARK,,,FALSE,,D65,10,0.58,0,0,0.58,0,0,51.28,0,0,51.28,0,0,0.18815,0.19511,0.16099,0.18545,0.19511,0.21249,#7A7A7A,122,122,122,336,0,47.9,,,,,,,,,,,,,,,,,,,,,,,,,,,,,,,
ADJECTIVE,60,6000000,Light Grey,Layer,sheer,,,FALSE,,D65,10,0.6,0,0,0.6,0,0,53.6,0,0,53.6,0,0,0.20829,0.216,0.17822,0.2053,0.216,0.23524,#808080,128,128,128,345,0,50.21,,,,,,,,,,,,,,,,,,,,,,,,,,,,,,,
ADJECTIVE,62,6200000,Light Grey,Layer,Stern,,,FALSE,,D65,10,0.62,0,0,0.62,0,0,55.92,0,0,55.92,0,0,0.22982,0.23833,0.19665,0.22652,0.23833,0.25955,#868686,134,134,134,320,0,52.54,,,,,,,,,,,,,,,,,,,,,,,,,,,,,,,
ADJECTIVE,64,6400000,Light Grey,Layer,bright,,,FALSE,,D65,10,0.64,0,0,0.64,0,0,58.24,0,0,58.24,0,0,0.25278,0.26214,0.2163,0.24916,0.26214,0.28549,#8C8C8C,140,140,140,330,0,54.89,,,,,,,,,,,,,,,,,,,,,,,,,,,,,,,
ADJECTIVE,66,6600000,Light Grey,Layer,clear,,,FALSE,,D65,10,0.66,0,0,0.66,0,0,60.56,0,0,60.56,0,0,0.27723,0.2875,0.23721,0.27325,0.2875,0.3131,#929292,146,146,146,345,0,57.26,,,,,,,,,,,,,,,,,,,,,,,,,,,,,,,
ADJECTIVE,68,6800000,Light Grey,Layer,lucid,,,FALSE,,D65,10,0.68,0,0,0.68,0,0,62.88,0,0,62.88,0,0,0.30321,0.31443,0.25944,0.29885,0.31443,0.34243,#989898,152,152,152,345,0,59.65,,,,,,,,,,,,,,,,,,,,,,,,,,,,,,,
ADJECTIVE,70,7000000,Light Grey,Layer,light,,,FALSE,,D65,10,0.7,0,0,0.7,0,0,65.2,0,0,65.2,0,0,0.33075,0.343,0.28301,0.32601,0.343,0.37355,#9E9E9E,158,158,158,348,0,62.05,,,,,,,,,,,,,,,,,,,,,,,,,,,,,,,
ADJECTIVE,72,7200000,Light Grey,Layer,fair,,,FALSE,,D65,10,0.72,0,0,0.72,0,0,67.52,0,0,67.52,0,0,0.35992,0.37325,0.30797,0.35476,0.37325,0.40649,#A4A4A4,164,164,164,350,0,64.47,,,,,,,,,,,,,,,,,,,,,,,,,,,,,,,
ADJECTIVE,74,7400000,Light Grey,Layer,pale,,,FALSE,,D65,10,0.74,0,0,0.74,0,0,69.84,0,0,69.84,0,0,0.39076,0.40522,0.33435,0.38515,0.40522,0.44131,#ABABAB,171,171,171,345,0,66.91,,,,,,,,,,,,,,,,,,,,,,,,,,,,,,,
ADJECTIVE,76,7600000,Light Grey,Layer,chalky,,,FALSE,,D65,10,0.76,0,0,0.76,0,0,72.16,0,0,72.16,0,0,0.4233,0.43898,0.3622,0.41723,0.43898,0.47807,#B1B1B1,177,177,177,330,0,69.36,,,,,,,,,,,,,,,,,,,,,,,,,,,,,,,
ADJECTIVE,78,7800000,Light Grey,Layer,frosted,,,FALSE,,D65,10,0.78,0,0,0.78,0,0,74.48,0,0,74.48,0,0,0.45761,0.47455,0.39156,0.45104,0.47455,0.51681,#B7B7B7,183,183,183,342.86,0,71.83,,,,,,,,,,,,,,,,,,,,,,,,,,,,,,,
ADJECTIVE,80,8000000,Light Grey,Layer,Dusky,,,FALSE,,D65,10,0.8,0,0,0.8,0,0,76.8,0,0,76.8,0,0,0.49372,0.512,0.42245,0.48663,0.512,0.5576,#BEBEBE,190,190,190,333.33,0,74.32,,,,,,,,,,,,,,,,,,,,,,,,,,,,,,,
ADJECTIVE,82,8200000,Light Grey,Layer,FAINT,,,FALSE,,D65,10,0.82,0,0,0.82,0,0,79.12,0,0,79.12,0,0,0.53168,0.55137,0.45494,0.52405,0.55137,0.60047,#C4C4C4,196,196,196,325.71,0,76.82,,,,,,,,,,,,,,,,,,,,,,,,,,,,,,,
ADJECTIVE,84,8400000,Light Grey,Layer,tinted,,,FALSE,,D65,10,0.84,0,0,0.84,0,0,81.44,0,0,81.44,0,0,0.57154,0.5927,0.48904,0.56334,0.5927,0.64549,#CACACA,202,202,202,336,0,79.34,,,,,,,,,,,,,,,,,,,,,,,,,,,,,,,
ADJECTIVE,86,8600000,White,Layer,STELLAR,,,FALSE,,D65,10,0.86,0,0,0.86,0,0,83.76,0,0,83.76,0,0,0.61335,0.63606,0.52481,0.60454,0.63606,0.6927,#D1D1D1,209,209,209,340,0,81.87,,,,,,,,,,,,,,,,,,,,,,,,,,,,,,,
ADJECTIVE,88,8800000,White,Layer,BLEACHED,,,FALSE,,D65,10,0.88,0,0,0.88,0,0,86.08,0,0,86.08,0,0,0.65714,0.68147,0.56229,0.64771,0.68147,0.74216,#D7D7D7,215,215,215,334.29,0,84.42,,,,,,,,,,,,,,,,,,,,,,,,,,,,,,,
ADJECTIVE,90,9000000,White,Layer,SOLAR,,,FALSE,,D65,10,0.9,0,0,0.9,0,0,88.4,0,0,88.4,0,0,0.70297,0.729,0.6015,0.69288,0.729,0.79392,#DEDEDE,222,222,222,346.67,0,86.98,,,,,,,,,,,,,,,,,,,,,,,,,,,,,,,
ADJECTIVE,92,9200000,White,Layer,GLACIAL,,,FALSE,,D65,10,0.92,0,0,0.92,0,0,90.72,0,0,90.72,0,0,0.75089,0.77869,0.6425,0.74011,0.77869,0.84804,#E4E4E4,228,228,228,352.5,0,89.56,,,,,,,,,,,,,,,,,,,,,,,,,,,,,,,
ADJECTIVE,94,9400000,White,Layer,SNOWY,,,FALSE,,D65,10,0.94,0,0,0.94,0,0,93.04,0,0,93.04,0,0,0.80093,0.83058,0.68532,0.78943,0.83058,0.90455,#EBEBEB,235,235,235,340,0,92.15,,,,,,,,,,,,,,,,,,,,,,,,,,,,,,,
ADJECTIVE,96,9600000,White,Layer,Milky,,,FALSE,,D65,10,0.96,0,0,0.96,0,0,95.36,0,0,95.36,0,0,0.85315,0.88474,0.73,0.8409,0.88474,0.96353,#F2F2F2,242,242,242,336,0,94.75,,,,,,,,,,,,,,,,,,,,,,,,,,,,,,,
ADJECTIVE,98,9800000,White,Layer,Arctic,,,FALSE,,D65,10,0.98,0,0,0.98,0,0,97.68,0,0,97.68,0,0,0.90759,0.94119,0.77658,0.89456,0.94119,1.02501,#F8F8F8,248,248,248,345,0,97.37,,,,,,,,,,,,,,,,,,,,,,,,,,,,,,,
ADJECTIVE,100,10000000,White,Layer,POLAR,,,FALSE,,D65,10,1,0,0,1,0,0,100,0,0,100,0,0,0.9643,1,0.8251,0.95046,1,1.08906,#FFF,255,255,255,338.18,0,100,,,,,,,,,,,,,,,,,,,,,,,,,,,,,,,
ADJECTIVE,8,800000,Black,Layer,SERIOUS,,,FALSE,,D65,10,0.08,0,0,0.08,0,0,0.46249,0,0,0.46249,0,0,0.00049,0.00051,0.00042,0.00049,0.00051,0.00056,#020202,2,2,2,336.92,0,0.66,,,,,,,,,,,,,,,,,,,,,,,,,,,,,,,
ADJECTIVE,6,600000,Black,Layer,STOIC,,,FALSE,,D65,10,0.06,0,0,0.06,0,0,0.19511,0,0,0.19511,0,0,0.00021,0.00022,0.00018,0.00021,0.00022,0.00024,#010101,1,1,1,341.25,0,0.28,,,,,,,,,,,,,,,,,,,,,,,,,,,,,,,
ADJECTIVE,4,400000,Black,Layer,GLOOMY,,,FALSE,,D65,10,0.04,0,0,0.04,0,0,0.05781,0,0,0.05781,0,0,0.00006,0.00006,0.00005,0.00006,0.00006,0.00007,#000,0,0,0,336.92,0,0.08,,,,,,,,,,,,,,,,,,,,,,,,,,,,,,,
ADJECTIVE,2,200000,Black,Layer,VOID,,,FALSE,,D65,10,0.02,0,0,0.02,0,0,0.00723,0,0,0.00723,0,0,0.00001,0.00001,0.00001,0.00001,0.00001,0.00001,#000,0,0,0,336.92,0,0.01,,,,,,,,,,,,,,,,,,,,,,,,,,,,,,,
ADJECTIVE,0,0,Black,Layer,PITCH,,,FALSE,,D65,10,0,0,0,0,0,0,0,0,0,0,0,0,0,0,0,0,0,0,#000,0,0,0,0,0,0,,,,,,,,,,,,,,,,,,,,,,,,,,,,,,,
SETTING,lightL,,,,,,,,,,,0.5,,,,,,,,,,,,,,,,,,,,,,,,,,,,,,,,,,,,,,,,,,,,,,,,,,,,,,,
SETTING,neutralC,,,,,,,,,,,,0.02,,,,,,,,,,,,,,,,,,,,,,,,,,,,,,,,,,,,,,,,,,,,,,,,,,,,,,
SETTING,vividC,,,,,,,,,,,,0.1,,,,,,,,,,,,,,,,,,,,,,,,,,,,,,,,,,,,,,,,,,,,,,,,,,,,,,
NEUTRAL_REGION,n1,,,,,Black,,,,,,0.3,,,,,,,,,,,,,,,,,,,,,,,,,,,,,,,,,,,,,,,,,,,,,,,,,,,,,,,
NEUTRAL_REGION,n2,,,,,Dark Grey,,,,,,0.49,,,,,,,,,,,,,,,,,,,,,,,,,,,,,,,,,,,,,,,,,,,,,,,,,,,,,,,
NEUTRAL_REGION,3240e1a8-b5d0-4e5c-aa38-b4d4404841ea,,,,,Light Grey,,,,,,0.85,,,,,,,,,,,,,,,,,,,,,,,,,,,,,,,,,,,,,,,,,,,,,,,,,,,,,,,
NEUTRAL_REGION,9b1f951d-342a-4dc9-9631-4692dcec8a2f,,,,,White,,,,,,1,,,,,,,,,,,,,,,,,,,,,,,,,,,,,,,,,,,,,,,,,,,,,,,,,,,,,,,
HUE_REGION,h6,,,,,Magenta,,,,,,,,15,,,,,,,,,,,,,,,,,,,,,,,,,,,,,,,,,,,,,,,,,,,,,,,,,,,,,
HUE_REGION,h1,,,,,Red,,,,,,,,45,,,,,,,,,,,,,,,,,,,,,,,,,,,,,,,,,,,,,,,,,,,,,,,,,,,,,
HUE_REGION,h2,,,,,Orange,,,,,,,,75,,,,,,,,,,,,,,,,,,,,,,,,,,,,,,,,,,,,,,,,,,,,,,,,,,,,,
HUE_REGION,h3,,,,,Yellow,,,,,,,,105,,,,,,,,,,,,,,,,,,,,,,,,,,,,,,,,,,,,,,,,,,,,,,,,,,,,,
HUE_REGION,h4,,,,,Green,,,,,,,,195,,,,,,,,,,,,,,,,,,,,,,,,,,,,,,,,,,,,,,,,,,,,,,,,,,,,,
HUE_REGION,h5,,,,,Blue,,,,,,,,285,,,,,,,,,,,,,,,,,,,,,,,,,,,,,,,,,,,,,,,,,,,,,,,,,,,,,
OVERRIDE,o1,,,,Light Muted Yellow,Beige,,,,,,,,,,,,,,,,,,,,,,,,,,,,,,,,,,,,,,,,,,,,,,,,,,,,,,,,,,,,,
OVERRIDE,a8e477cd-0de0-44d3-997c-b09e3d89bafc,,,,Dark Muted Yellow,Tan,,,,,,,,,,,,,,,,,,,,,,,,,,,,,,,,,,,,,,,,,,,,,,,,,,,,,,,,,,,,,
OVERRIDE,fc8fbdd1-ffac-4d47-a058-a609873f6c52,,,,Light Muted Orange,Taupe,,,,,,,,,,,,,,,,,,,,,,,,,,,,,,,,,,,,,,,,,,,,,,,,,,,,,,,,,,,,,
OVERRIDE,fbe6ddb0-5e38-40c5-b39b-bb25d35fe463,,,,Dark Muted Orange,Brown,,,,,,,,,,,,,,,,,,,,,,,,,,,,,,,,,,,,,,,,,,,,,,,,,,,,,,,,,,,,,
PALETTE,57f3a662-2093-4dfa-9e6e-46bc48ee460d,,,,,TMNT,"[{""id"":""7f8b7540-bfea-4e6d-bc94-ade102d4595b"",""L"":0.425,""C"":0.08,""H"":120,""erpCode"":""4308120"",""adjId"":""44"",""nounId"":""D-08-120"",""pinId"":""289fbb43-067a-493b-a21c-6c4f15c50f25""},{""id"":""a6c54387-1889-4da7-a256-3a3d7c45b051"",""L"":0.441,""C"":0.08,""H"":240,""erpCode"":""4408240"",""adjId"":""44"",""nounId"":""D-08-240"",""pinId"":""64376d29-9542-4302-9c89-f5ac45af83b6""},{""id"":""3e50c1a5-0605-4636-bb3b-0549f5c28eda"",""L"":0.425,""C"":0.08,""H"":120,""erpCode"":""4308120"",""adjId"":""44"",""nounId"":""D-08-120"",""pinId"":""289fbb43-067a-493b-a21c-6c4f15c50f25""},{""id"":""cf8a193f-86f5-4d02-8015-1ce960ceb449"",""L"":0.441,""C"":0.08,""H"":300,""erpCode"":""4408300"",""adjId"":""44"",""nounId"":""D-08-300"",""pinId"":""e68e3846-86df-4579-b2c2-b21b9e9b7bd5""},{""id"":""8a377c56-5ab8-439b-97f4-bafa85ba68d9"",""L"":0.425,""C"":0.08,""H"":120,""erpCode"":""4308120"",""adjId"":""44"",""nounId"":""D-08-120"",""pinId"":""289fbb43-067a-493b-a21c-6c4f15c50f25""},{""id"":""183c9774-6953-4b14-90a9-3494061a4dd9"",""L"":0.441,""C"":0.08,""H"":30,""erpCode"":""4408030"",""adjId"":""44"",""nounId"":""D-08-030"",""pinId"":""f4c9fd5b-78fa-4e08-a5db-5e421010ed69""},{""id"":""c7e070df-1a7a-4e57-83a3-26c6a7349a4c"",""L"":0.425,""C"":0.08,""H"":120,""erpCode"":""4308120"",""adjId"":""44"",""nounId"":""D-08-120"",""pinId"":""289fbb43-067a-493b-a21c-6c4f15c50f25""},{""id"":""abdf8837-ba6e-413e-affa-d46377d161e1"",""L"":0.441,""C"":0.08,""H"":90,""erpCode"":""4408090"",""adjId"":""44"",""nounId"":""D-08-090"",""pinId"":""e54ff01b-3b0e-4d07-a32c-6e20a8046267""},{""id"":""37915a72-6707-4d06-87d4-d61b58abe898"",""L"":0.425,""C"":0.08,""H"":120,""erpCode"":""4308120"",""adjId"":""44"",""nounId"":""D-08-120"",""pinId"":""289fbb43-067a-493b-a21c-6c4f15c50f25""}]",,,,,,,,,,,,,,,,,,,,,,,,,,,,,,,,,,,,,,,,,,,,,,,,,,,,,,,,,,,,
PALETTE,c1166a68-5b39-4487-8e5d-5695c4d5f76c,,,,,Spongebob,"[{""id"":""97032de9-c0ba-4508-b60a-4370d7925036"",""L"":0.748,""C"":0.08,""H"":90,""erpCode"":""7508090"",""adjId"":""74"",""nounId"":""L-08-090"",""pinId"":""d99f922c-e706-428c-bed3-7f098dda9bbf""},{""id"":""060b4f86-9657-400a-be77-bec65bf8b119"",""L"":0.748,""C"":0.08,""H"":0,""erpCode"":""7508000"",""adjId"":""74"",""nounId"":""L-08-000"",""pinId"":""14aef92d-8365-4141-b790-f7ef58f7f57f""}]",,,,,,,,,,,,,,,,,,,,,,,,,,,,,,,,,,,,,,,,,,,,,,,,,,,,,,,,,,,,
PALETTE,e0ca57af-5ff8-472b-9028-91dec2cd7706,,,,,Mario,"[{""id"":""036d3a1f-2f38-421c-8f3b-38644f6c5c9e"",""L"":0.6,""C"":0.23999999999999996,""H"":25,""erpCode"":""6024025"",""adjId"":""60"",""nounId"":""L-24-025"",""pinId"":null},{""id"":""42c4943f-5e14-4ee2-88e2-06135f1e0ede"",""L"":0.8200000000000001,""C"":0.12000000000000001,""H"":60,""erpCode"":""8212060"",""adjId"":""82"",""nounId"":""L-12-060"",""pinId"":null}]",,,,,,,,,,,,,,,,,,,,,,,,,,,,,,,,,,,,,,,,,,,,,,,,,,,,,,,,,,,,
PALETTE,5b321873-7e2c-447e-8779-22c64d3d354d,,,,,Wheat,"[{""id"":""809165f3-0232-4305-aae8-a9b4358ac8ad"",""L"":0.9400000000000001,""C"":0.02,""H"":60,""erpCode"":""9402060"",""adjId"":""94"",""nounId"":""L-02-060"",""pinId"":null},{""id"":""728ab383-6ebe-4c96-91c3-b1eaf76d618b"",""L"":0.8200000000000001,""C"":0.02,""H"":60,""erpCode"":""8202060"",""adjId"":""82"",""nounId"":""L-02-060"",""pinId"":null},{""id"":""855749b8-1b57-4b97-ad89-0c1652d6b47e"",""L"":0.74,""C"":0.02,""H"":60,""erpCode"":""7402060"",""adjId"":""74"",""nounId"":""L-02-060"",""pinId"":null},{""id"":""a457895a-e188-4f43-bcd8-f49ba6f35fa9"",""L"":0.66,""C"":0.02,""H"":60,""erpCode"":""6602060"",""adjId"":""66"",""nounId"":""L-02-060"",""pinId"":null},{""id"":""2831121b-b94c-4a9e-9b4d-fc8f78ed55a5"",""L"":0.62,""C"":0.02,""H"":60,""erpCode"":""6202060"",""adjId"":""62"",""nounId"":""L-02-060"",""pinId"":null},{""id"":""cec7c74f-d36a-44e7-aa7f-6e4c765aadb5"",""L"":0.54,""C"":0.02,""H"":60,""erpCode"":""5402060"",""adjId"":""54"",""nounId"":""L-02-060"",""pinId"":null}]",,,,,,,,,,,,,,,,,,,,,,,,,,,,,,,,,,,,,,,,,,,,,,,,,,,,,,,,,,,,
PALETTE,28d08e2d-69f1-46d0-9256-bd249b5f69d1,,,,,Dusky,"[{""id"":""6a8cd700-ec5d-412b-aacb-3d4f57a7bd11"",""L"":0.8,""C"":0.02,""H"":0,""erpCode"":""8002000"",""adjId"":""80"",""nounId"":""L-02-000"",""pinId"":null},{""id"":""769b3910-4ee7-4615-822c-6a728310c0da"",""L"":0.8,""C"":0.02,""H"":60,""erpCode"":""8002060"",""adjId"":""80"",""nounId"":""L-02-060"",""pinId"":null},{""id"":""68bad3e2-2a5c-4c41-aa5e-fd1ef6e59c3c"",""L"":0.8,""C"":0.02,""H"":120,""erpCode"":""8002120"",""adjId"":""80"",""nounId"":""L-02-120"",""pinId"":null},{""id"":""bab4f8ab-d9bf-4f0a-a4d6-5c2f1462c00c"",""L"":0.8,""C"":0.02,""H"":180,""erpCode"":""8002180"",""adjId"":""80"",""nounId"":""L-02-180"",""pinId"":null},{""id"":""66c3893f-d371-4e4e-be05-197fbbb9cc14"",""L"":0.8,""C"":0.02,""H"":240,""erpCode"":""8002240"",""adjId"":""80"",""nounId"":""L-02-240"",""pinId"":null},{""id"":""c716073d-43f9-49ae-ab17-cd253d855adf"",""L"":0.8,""C"":0.02,""H"":300,""erpCode"":""8002300"",""adjId"":""80"",""nounId"":""L-02-300"",""pinId"":null}]",,,,,,,,,,,,,,,,,,,,,,,,,,,,,,,,,,,,,,,,,,,,,,,,,,,,,,,,,,,,
PALETTE,1fd6a5b9-1497-47d7-ba68-dc50eab02f03,,,,,Starlit,"[{""id"":""7d0d06e6-ba30-4a23-ac2e-c03d5b0aa124"",""L"":0.18,""C"":0.02,""H"":0,""erpCode"":""1802000"",""adjId"":""18"",""nounId"":""D-02-000"",""pinId"":null},{""id"":""3c4607fd-2581-47c3-a961-73b1471ab13f"",""L"":0.18,""C"":0.02,""H"":120,""erpCode"":""1802120"",""adjId"":""18"",""nounId"":""D-02-120"",""pinId"":null},{""id"":""d7ff38cc-2971-4260-a90c-c1bf58b6c469"",""L"":0.18,""C"":0.02,""H"":180,""erpCode"":""1802180"",""adjId"":""18"",""nounId"":""D-02-180"",""pinId"":null},{""id"":""49e728eb-7987-4439-86bb-ef66a1c7e84d"",""L"":0.18,""C"":0.02,""H"":300,""erpCode"":""1802300"",""adjId"":""18"",""nounId"":""D-02-300"",""pinId"":null},{""id"":""d235d067-ff9c-4ef4-87aa-c684130944d4"",""L"":0.18,""C"":0.04,""H"":240,""erpCode"":""1804240"",""adjId"":""18"",""nounId"":""D-04-240"",""pinId"":null}]",,,,,,,,,,,,,,,,,,,,,,,,,,,,,,,,,,,,,,,,,,,,,,,,,,,,,,,,,,,,
PALETTE,6af15984-b1fb-4379-9261-59f3c88fd0bb,,,,,Complimentary,"[{""id"":""41638354-cd02-429c-98f8-98d59e3deb5a"",""L"":0.94,""C"":0.02,""H"":60,""erpCode"":""9402060"",""adjId"":""94"",""nounId"":""L-02-060"",""pinId"":null},{""id"":""b2f57774-3bfc-4e20-97a0-ba236431fcdc"",""L"":0.74,""C"":0.02,""H"":60,""erpCode"":""7402060"",""adjId"":""74"",""nounId"":""L-02-060"",""pinId"":null},{""id"":""9209a0b4-75b2-471a-a608-c2c49c7577ac"",""L"":0.54,""C"":0.02,""H"":60,""erpCode"":""5402060"",""adjId"":""54"",""nounId"":""L-02-060"",""pinId"":null},{""id"":""0310dce2-2353-4695-a559-43feb376e064"",""L"":0.54,""C"":0.02,""H"":240,""erpCode"":""5402240"",""adjId"":""54"",""nounId"":""L-02-240"",""pinId"":null}]",,,,,,,,,,,,,,,,,,,,,,,,,,,,,,,,,,,,,,,,,,,,,,,,,,,,,,,,,,,,
