Type,ID,Parent_Pin_ID,Anchor_ID,Adj_ID,Brand,Original_Index,Image,Noun,Adjective,Note,Tags,Locked,HEX,OKLCH_L,OKLCH_C,OKLCH_H,RGB_R,RGB_G,RGB_B,RGB,CMYK_C,CMYK_M,CMYK_Y,CMYK_K,CMYK,CIE_L,CIE_A,CIE_B,CIE_LAB,ERP_Code,Sheen,Profile,Visual_Pattern,Tactile_Texture,Material,Spectral,Illuminant,Observer,Measurement_Method,Measurement_Date,Measurement_Device,R400 nm,R410 nm,R420 nm,R430 nm,R440 nm,R450 nm,R460 nm,R470 nm,R480 nm,R490 nm,R500 nm,R510 nm,R520 nm,R530 nm,R540 nm,R550 nm,R560 nm,R570 nm,R580 nm,R590 nm,R600 nm,R610 nm,R620 nm,R630 nm,R640 nm,R650 nm,R660 nm,R670 nm,R680 nm,R690 nm,R700 nm
NOUN,custom-noun-e70a4300-96e2-4e5c-86e1-8f4a2c89d1e4,,,,,,,Moss,,,,,,0.5-1,0.04,105,,,,,,,,,,,,,,,,,,,,,,,,,,,,,,,,,,,,,,,,,,,,,,,,,,,,,,,,
NOUN,col-0.95-1-0.00-0.00,,,,,,,Pearl,,,,,,0.95-1,0,0,,,,,,,,,,,,,,,,,,,,,,,,,,,,,,,,,,,,,,,,,,,,,,,,,,,,,,,,
NOUN,col-0.5-0.95-0.00-0.00,,,,,,,Cinza,,,,,,0.5-0.95,0,0,,,,,,,,,,,,,,,,,,,,,,,,,,,,,,,,,,,,,,,,,,,,,,,,,,,,,,,,
NOUN,col-0.2-0.5-0.00-0.00,,,,,,,Doe,,,,,,0.2-0.5,0,0,,,,,,,,,,,,,,,,,,,,,,,,,,,,,,,,,,,,,,,,,,,,,,,,,,,,,,,,
NOUN,col-0-0.2-0.00-0.00,,,,,,,Nero,,,,,,0-0.2,0,0,,,,,,,,,,,,,,,,,,,,,,,,,,,,,,,,,,,,,,,,,,,,,,,,,,,,,,,,
NOUN,col-0.5-1-0.02-0.00,,,,,,,Dove,,,,,,0.5-1,0.02,0,,,,,,,,,,,,,,,,,,,,,,,,,,,,,,,,,,,,,,,,,,,,,,,,,,,,,,,,
NOUN,col-0-0.5-0.02-0.00,,,,,,,Shale,,,,,,0-0.5,0.02,0,,,,,,,,,,,,,,,,,,,,,,,,,,,,,,,,,,,,,,,,,,,,,,,,,,,,,,,,
NOUN,col-0.5-1-0.02-60.00,,,,,,,Oat,,,,,,0.5-1,0.02,60,,,,,,,,,,,,,,,,,,,,,,,,,,,,,,,,,,,,,,,,,,,,,,,,,,,,,,,,
NOUN,col-0.5-1-0.02-90.00,,,,,,,Wheat,,,,,,0.5-1,0.02,90,,,,,,,,,,,,,,,,,,,,,,,,,,,,,,,,,,,,,,,,,,,,,,,,,,,,,,,,
NOUN,col-0-0.49-0.02-60.00,,,,,,,Cola,,,,,,0-0.49,0.02,60,,,,,,,,,,,,,,,,,,,,,,,,,,,,,,,,,,,,,,,,,,,,,,,,,,,,,,,,
NOUN,col-0.5-1-0.04-0.00,,,,,,,Petal,,,,,,0.5-1,0.04,0,,,,,,,,,,,,,,,,,,,,,,,,,,,,,,,,,,,,,,,,,,,,,,,,,,,,,,,,
NOUN,col-0-0.5-0.04-0.00,,,,,,,Raisin,,,,,,0-0.5,0.04,0,,,,,,,,,,,,,,,,,,,,,,,,,,,,,,,,,,,,,,,,,,,,,,,,,,,,,,,,
NOUN,col-0.5-1-0.04-30.00,,,,,,,Clove,,,,,,0.5-1,0.04,30,,,,,,,,,,,,,,,,,,,,,,,,,,,,,,,,,,,,,,,,,,,,,,,,,,,,,,,,
NOUN,col-0-0.5-0.04-30.00,,,,,,,Espresso,,,,,,0-0.5,0.04,30,,,,,,,,,,,,,,,,,,,,,,,,,,,,,,,,,,,,,,,,,,,,,,,,,,,,,,,,
NOUN,col-0.5-1-0.04-60.00,,,,,,,Olive,,,,,,0.5-1,0.04,60,,,,,,,,,,,,,,,,,,,,,,,,,,,,,,,,,,,,,,,,,,,,,,,,,,,,,,,,
NOUN,col-0-0.5-0.04-60.00,,,,,,,Cacao,,,,,,0-0.5,0.04,60,,,,,,,,,,,,,,,,,,,,,,,,,,,,,,,,,,,,,,,,,,,,,,,,,,,,,,,,
NOUN,col-0.5-1-0.04-90.00,,,,,,,Hay,,,,,,0.5-1,0.04,90,,,,,,,,,,,,,,,,,,,,,,,,,,,,,,,,,,,,,,,,,,,,,,,,,,,,,,,,
NOUN,col-0-0.5-0.04-90.00,,,,,,,Raven,,,,,,0-0.5,0.04,90,,,,,,,,,,,,,,,,,,,,,,,,,,,,,,,,,,,,,,,,,,,,,,,,,,,,,,,,
NOUN,col-0.5-1-0.06-0.00,,,,,,,Ibis,,,,,,0.5-1,0.06,0,,,,,,,,,,,,,,,,,,,,,,,,,,,,,,,,,,,,,,,,,,,,,,,,,,,,,,,,
NOUN,col-0-0.5-0.06-0.00,,,,,,,Fig,,,,,,0-0.5,0.06,0,,,,,,,,,,,,,,,,,,,,,,,,,,,,,,,,,,,,,,,,,,,,,,,,,,,,,,,,
NOUN,col-0.5-1-0.06-20.00,,,,,,,Parfait,,,,,,0.5-1,0.06,20,,,,,,,,,,,,,,,,,,,,,,,,,,,,,,,,,,,,,,,,,,,,,,,,,,,,,,,,
NOUN,col-0-0.5-0.06-20.00,,,,,,,Falcon,,,,,,0-0.5,0.06,20,,,,,,,,,,,,,,,,,,,,,,,,,,,,,,,,,,,,,,,,,,,,,,,,,,,,,,,,
NOUN,col-0.5-1-0.06-40.00,,,,,,,spring,,,,,,0.5-1,0.06,40,,,,,,,,,,,,,,,,,,,,,,,,,,,,,,,,,,,,,,,,,,,,,,,,,,,,,,,,
NOUN,col-0-0.5-0.06-40.00,,,,,,,Nutmeg,,,,,,0-0.5,0.06,40,,,,,,,,,,,,,,,,,,,,,,,,,,,,,,,,,,,,,,,,,,,,,,,,,,,,,,,,
NOUN,col-0.5-1-0.06-60.00,,,,,,,Cashmere,,,,,,0.5-1,0.06,60,,,,,,,,,,,,,,,,,,,,,,,,,,,,,,,,,,,,,,,,,,,,,,,,,,,,,,,,
NOUN,col-0-0.5-0.06-60.00,,,,,,,Cub,,,,,,0-0.5,0.06,60,,,,,,,,,,,,,,,,,,,,,,,,,,,,,,,,,,,,,,,,,,,,,,,,,,,,,,,,
NOUN,col-0.5-1-0.06-80.00,,,,,,,Crepe,,,,,,0.5-1,0.06,80,,,,,,,,,,,,,,,,,,,,,,,,,,,,,,,,,,,,,,,,,,,,,,,,,,,,,,,,
NOUN,col-0-0.5-0.06-80.00,,,,,,,Bison,,,,,,0-0.5,0.06,80,,,,,,,,,,,,,,,,,,,,,,,,,,,,,,,,,,,,,,,,,,,,,,,,,,,,,,,,
NOUN,col-0.5-1-0.08-0.00,,,,,,,Kiss,,,,,,0.5-1,0.08,0,,,,,,,,,,,,,,,,,,,,,,,,,,,,,,,,,,,,,,,,,,,,,,,,,,,,,,,,
NOUN,col-0-0.5-0.08-0.00,,,,,,,Beet,,,,,,0-0.5,0.08,0,,,,,,,,,,,,,,,,,,,,,,,,,,,,,,,,,,,,,,,,,,,,,,,,,,,,,,,,
NOUN,col-0.5-1-0.08-15.00,,,,,,,Peony,,,,,,0.5-1,0.08,15,,,,,,,,,,,,,,,,,,,,,,,,,,,,,,,,,,,,,,,,,,,,,,,,,,,,,,,,
NOUN,col-0-0.5-0.08-15.00,,,,,,,Apple,,,,,,0-0.5,0.08,15,,,,,,,,,,,,,,,,,,,,,,,,,,,,,,,,,,,,,,,,,,,,,,,,,,,,,,,,
NOUN,col-0.5-1-0.08-30.00,,,,,,,Clay,,,,,,0.5-1,0.08,30,,,,,,,,,,,,,,,,,,,,,,,,,,,,,,,,,,,,,,,,,,,,,,,,,,,,,,,,
NOUN,col-0-0.5-0.08-30.00,,,,,,,Chianti,,,,,,0-0.5,0.08,30,,,,,,,,,,,,,,,,,,,,,,,,,,,,,,,,,,,,,,,,,,,,,,,,,,,,,,,,
NOUN,col-0.5-1-0.08-45.00,,,,,,,Pecan,,,,,,0.5-1,0.08,45,,,,,,,,,,,,,,,,,,,,,,,,,,,,,,,,,,,,,,,,,,,,,,,,,,,,,,,,
NOUN,col-0-0.5-0.08-45.00,,,,,,,Bean,,,,,,0-0.5,0.08,45,,,,,,,,,,,,,,,,,,,,,,,,,,,,,,,,,,,,,,,,,,,,,,,,,,,,,,,,
NOUN,col-0.5-1-0.08-60.00,,,,,,,autumn,,,,,,0.5-1,0.08,60,,,,,,,,,,,,,,,,,,,,,,,,,,,,,,,,,,,,,,,,,,,,,,,,,,,,,,,,
NOUN,col-0-0.5-0.08-60.00,,,,,,,Coffee,,,,,,0-0.5,0.08,60,,,,,,,,,,,,,,,,,,,,,,,,,,,,,,,,,,,,,,,,,,,,,,,,,,,,,,,,
NOUN,col-0.5-1-0.08-75.00,,,,,,,Bagel,,,,,,0.5-1,0.08,75,,,,,,,,,,,,,,,,,,,,,,,,,,,,,,,,,,,,,,,,,,,,,,,,,,,,,,,,
NOUN,col-0-0.5-0.08-75.00,,,,,,,Moose,,,,,,0-0.5,0.08,75,,,,,,,,,,,,,,,,,,,,,,,,,,,,,,,,,,,,,,,,,,,,,,,,,,,,,,,,
NOUN,col-0.5-1-0.08-90.00,,,,,,,Fawn,,,,,,0.5-1,0.08,90,,,,,,,,,,,,,,,,,,,,,,,,,,,,,,,,,,,,,,,,,,,,,,,,,,,,,,,,
NOUN,col-0-0.5-0.08-90.00,,,,,,,Fjord,,,,,,0-0.5,0.08,90,,,,,,,,,,,,,,,,,,,,,,,,,,,,,,,,,,,,,,,,,,,,,,,,,,,,,,,,
NOUN,col-0.5-1-0.10-0.00,,,,,,,Princess,,,,,,0.5-1,0.1,0,,,,,,,,,,,,,,,,,,,,,,,,,,,,,,,,,,,,,,,,,,,,,,,,,,,,,,,,
NOUN,col-0-0.5-0.10-0.00,,,,,,,Merlot,,,,,,0-0.5,0.1,0,,,,,,,,,,,,,,,,,,,,,,,,,,,,,,,,,,,,,,,,,,,,,,,,,,,,,,,,
NOUN,col-0.5-1-0.10-12.00,,,,,,,Valentine,,,,,,0.5-1,0.1,12,,,,,,,,,,,,,,,,,,,,,,,,,,,,,,,,,,,,,,,,,,,,,,,,,,,,,,,,
NOUN,col-0-0.5-0.10-12.00,,,,,,,Wine,,,,,,0-0.5,0.1,12,,,,,,,,,,,,,,,,,,,,,,,,,,,,,,,,,,,,,,,,,,,,,,,,,,,,,,,,
NOUN,col-0.5-1-0.10-24.00,,,,,,,Blush,,,,,,0.5-1,0.1,24,,,,,,,,,,,,,,,,,,,,,,,,,,,,,,,,,,,,,,,,,,,,,,,,,,,,,,,,
NOUN,col-0-0.5-0.10-24.00,,,,,,,Brick,,,,,,0-0.5,0.1,24,,,,,,,,,,,,,,,,,,,,,,,,,,,,,,,,,,,,,,,,,,,,,,,,,,,,,,,,
NOUN,col-0.5-1-0.10-36.00,,,,,,,Coconut,,,,,,0.5-1,0.1,36,,,,,,,,,,,,,,,,,,,,,,,,,,,,,,,,,,,,,,,,,,,,,,,,,,,,,,,,
NOUN,col-0-0.5-0.10-36.00,,,,,,,Peanut,,,,,,0-0.5,0.1,36,,,,,,,,,,,,,,,,,,,,,,,,,,,,,,,,,,,,,,,,,,,,,,,,,,,,,,,,
NOUN,col-0.5-1-0.10-48.00,,,,,,,Whiskey,,,,,,0.5-1,0.1,48,,,,,,,,,,,,,,,,,,,,,,,,,,,,,,,,,,,,,,,,,,,,,,,,,,,,,,,,
NOUN,col-0-0.5-0.10-48.00,,,,,,,Spice,,,,,,0-0.5,0.1,48,,,,,,,,,,,,,,,,,,,,,,,,,,,,,,,,,,,,,,,,,,,,,,,,,,,,,,,,
NOUN,col-0.5-1-0.10-60.00,,,,,,,mocha,,,,,,0.5-1,0.1,60,,,,,,,,,,,,,,,,,,,,,,,,,,,,,,,,,,,,,,,,,,,,,,,,,,,,,,,,
NOUN,col-0-0.5-0.10-60.00,,,,,,,Guitar,,,,,,0-0.5,0.1,60,,,,,,,,,,,,,,,,,,,,,,,,,,,,,,,,,,,,,,,,,,,,,,,,,,,,,,,,
NOUN,col-0.5-1-0.10-72.00,,,,,,,Sunrise,,,,,,0.5-1,0.1,72,,,,,,,,,,,,,,,,,,,,,,,,,,,,,,,,,,,,,,,,,,,,,,,,,,,,,,,,
NOUN,col-0-0.5-0.10-72.00,,,,,,,Sepia,,,,,,0-0.5,0.1,72,,,,,,,,,,,,,,,,,,,,,,,,,,,,,,,,,,,,,,,,,,,,,,,,,,,,,,,,
NOUN,col-0.5-1-0.10-84.00,,,,,,,Puma,,,,,,0.5-1,0.1,84,,,,,,,,,,,,,,,,,,,,,,,,,,,,,,,,,,,,,,,,,,,,,,,,,,,,,,,,
NOUN,col-0.5-1-0.12-0.00,,,,,,,Jam,,,,,,0.5-1,0.12000000000000001,0,,,,,,,,,,,,,,,,,,,,,,,,,,,,,,,,,,,,,,,,,,,,,,,,,,,,,,,,
NOUN,col-0-0.5-0.12-0.00,,,,,,,Berry,,,,,,0-0.5,0.12000000000000001,0,,,,,,,,,,,,,,,,,,,,,,,,,,,,,,,,,,,,,,,,,,,,,,,,,,,,,,,,
NOUN,col-0.5-1-0.12-10.00,,,,,,,Tulip,,,,,,0.5-1,0.12000000000000001,10,,,,,,,,,,,,,,,,,,,,,,,,,,,,,,,,,,,,,,,,,,,,,,,,,,,,,,,,
NOUN,col-0-0.5-0.12-10.00,,,,,,,Radish,,,,,,0-0.5,0.12000000000000001,10,,,,,,,,,,,,,,,,,,,,,,,,,,,,,,,,,,,,,,,,,,,,,,,,,,,,,,,,
NOUN,col-0.5-1-0.12-20.00,,,,,,,Sunset,,,,,,0.5-1,0.12000000000000001,20,,,,,,,,,,,,,,,,,,,,,,,,,,,,,,,,,,,,,,,,,,,,,,,,,,,,,,,,
NOUN,col-0-0.5-0.12-20.00,,,,,,,Maroon,,,,,,0-0.5,0.12000000000000001,20,,,,,,,,,,,,,,,,,,,,,,,,,,,,,,,,,,,,,,,,,,,,,,,,,,,,,,,,
NOUN,col-0.5-1-0.12-30.00,,,,,,,Tartare,,,,,,0.5-1,0.12000000000000001,30,,,,,,,,,,,,,,,,,,,,,,,,,,,,,,,,,,,,,,,,,,,,,,,,,,,,,,,,
NOUN,col-0-0.5-0.12-30.00,,,,,,,Paprika,,,,,,0-0.5,0.12000000000000001,30,,,,,,,,,,,,,,,,,,,,,,,,,,,,,,,,,,,,,,,,,,,,,,,,,,,,,,,,
NOUN,col-0.5-1-0.12-40.00,,,,,,,Barbecue,,,,,,0.5-1,0.12000000000000001,40,,,,,,,,,,,,,,,,,,,,,,,,,,,,,,,,,,,,,,,,,,,,,,,,,,,,,,,,
NOUN,col-0-0.5-0.12-40.00,,,,,,,Brownie,,,,,,0-0.5,0.12000000000000001,40,,,,,,,,,,,,,,,,,,,,,,,,,,,,,,,,,,,,,,,,,,,,,,,,,,,,,,,,
NOUN,col-0.5-1-0.12-50.00,,,,,,,Topaz,,,,,,0.5-1,0.12000000000000001,50,,,,,,,,,,,,,,,,,,,,,,,,,,,,,,,,,,,,,,,,,,,,,,,,,,,,,,,,
NOUN,col-0-0.5-0.12-50.00,,,,,,,Roast,,,,,,0-0.5,0.12000000000000001,50,,,,,,,,,,,,,,,,,,,,,,,,,,,,,,,,,,,,,,,,,,,,,,,,,,,,,,,,
NOUN,col-0.5-1-0.12-60.00,,,,,,,peach,,,,,,0.5-1,0.12000000000000001,60,,,,,,,,,,,,,,,,,,,,,,,,,,,,,,,,,,,,,,,,,,,,,,,,,,,,,,,,
NOUN,col-0.5-1-0.12-70.00,,,,,,,Caramel,,,,,,0.5-1,0.12000000000000001,70,,,,,,,,,,,,,,,,,,,,,,,,,,,,,,,,,,,,,,,,,,,,,,,,,,,,,,,,
NOUN,col-0.5-1-0.12-80.00,,,,,,,Bronze,,,,,,0.5-1,0.12000000000000001,80,,,,,,,,,,,,,,,,,,,,,,,,,,,,,,,,,,,,,,,,,,,,,,,,,,,,,,,,
NOUN,col-0.5-1-0.12-90.00,,,,,,,summer,,,,,,0.5-1,0.12000000000000001,90,,,,,,,,,,,,,,,,,,,,,,,,,,,,,,,,,,,,,,,,,,,,,,,,,,,,,,,,
NOUN,col-0.5-1-0.14-0.00,,,,,,,Lipstick,,,,,,0.5-1,0.14,0,,,,,,,,,,,,,,,,,,,,,,,,,,,,,,,,,,,,,,,,,,,,,,,,,,,,,,,,
NOUN,col-0-0.5-0.14-0.00,,,,,,,Smooch,,,,,,0-0.5,0.14,0,,,,,,,,,,,,,,,,,,,,,,,,,,,,,,,,,,,,,,,,,,,,,,,,,,,,,,,,
NOUN,col-0.5-1-0.14-8.57,,,,,,,Ladybug,,,,,,0.5-1,0.14,8.571428571428555,,,,,,,,,,,,,,,,,,,,,,,,,,,,,,,,,,,,,,,,,,,,,,,,,,,,,,,,
NOUN,col-0-0.5-0.14-8.57,,,,,,,Siren,,,,,,0-0.5,0.14,8.571428571428555,,,,,,,,,,,,,,,,,,,,,,,,,,,,,,,,,,,,,,,,,,,,,,,,,,,,,,,,
NOUN,col-0.5-1-0.14-17.14,,,,,,,Poppy,,,,,,0.5-1,0.14,17.142857142857167,,,,,,,,,,,,,,,,,,,,,,,,,,,,,,,,,,,,,,,,,,,,,,,,,,,,,,,,
NOUN,col-0-0.5-0.14-17.14,,,,,,,Burgundy,,,,,,0-0.5,0.14,17.142857142857167,,,,,,,,,,,,,,,,,,,,,,,,,,,,,,,,,,,,,,,,,,,,,,,,,,,,,,,,
NOUN,col-0.5-1-0.14-25.71,,,,,,,Flamingo,,,,,,0.5-1,0.14,25.714285714285722,,,,,,,,,,,,,,,,,,,,,,,,,,,,,,,,,,,,,,,,,,,,,,,,,,,,,,,,
NOUN,col-0-0.5-0.14-25.71,,,,,,,Cayenne,,,,,,0-0.5,0.14,25.714285714285722,,,,,,,,,,,,,,,,,,,,,,,,,,,,,,,,,,,,,,,,,,,,,,,,,,,,,,,,
NOUN,col-0.5-1-0.14-34.29,,,,,,,Campfire,,,,,,0.5-1,0.14,34.28571428571428,,,,,,,,,,,,,,,,,,,,,,,,,,,,,,,,,,,,,,,,,,,,,,,,,,,,,,,,
NOUN,col-0-0.5-0.14-34.29,,,,,,,Salsa,,,,,,0-0.5,0.14,34.28571428571428,,,,,,,,,,,,,,,,,,,,,,,,,,,,,,,,,,,,,,,,,,,,,,,,,,,,,,,,
NOUN,col-0.5-1-0.14-42.86,,,,,,,Coral,,,,,,0.5-1,0.14,42.85714285714283,,,,,,,,,,,,,,,,,,,,,,,,,,,,,,,,,,,,,,,,,,,,,,,,,,,,,,,,
NOUN,col-0-0.5-0.14-42.86,,,,,,,Savanna,,,,,,0-0.5,0.14,42.85714285714283,,,,,,,,,,,,,,,,,,,,,,,,,,,,,,,,,,,,,,,,,,,,,,,,,,,,,,,,
NOUN,col-0.5-1-0.14-51.43,,,,,,,Cassis,,,,,,0.5-1,0.14,51.428571428571445,,,,,,,,,,,,,,,,,,,,,,,,,,,,,,,,,,,,,,,,,,,,,,,,,,,,,,,,
NOUN,col-0.5-1-0.14-60.00,,,,,,,copper,,,,,,0.5-1,0.14,60,,,,,,,,,,,,,,,,,,,,,,,,,,,,,,,,,,,,,,,,,,,,,,,,,,,,,,,,
NOUN,col-0.5-1-0.14-68.57,,,,,,,Ginger,,,,,,0.5-1,0.14,68.57142857142856,,,,,,,,,,,,,,,,,,,,,,,,,,,,,,,,,,,,,,,,,,,,,,,,,,,,,,,,
NOUN,col-0.5-1-0.14-77.14,,,,,,,Mango,,,,,,0.5-1,0.14,77.14285714285711,,,,,,,,,,,,,,,,,,,,,,,,,,,,,,,,,,,,,,,,,,,,,,,,,,,,,,,,
NOUN,col-0.5-1-0.14-85.71,,,,,,,Saffron,,,,,,0.5-1,0.14,85.71428571428572,,,,,,,,,,,,,,,,,,,,,,,,,,,,,,,,,,,,,,,,,,,,,,,,,,,,,,,,
NOUN,col-0.5-1-0.16-0.00,,,,,,,Rosa,,,,,,0.5-1,0.16,0,,,,,,,,,,,,,,,,,,,,,,,,,,,,,,,,,,,,,,,,,,,,,,,,,,,,,,,,
NOUN,col-0-0.5-0.16-0.00,,,,,,,Raspberry,,,,,,0-0.5,0.16,0,,,,,,,,,,,,,,,,,,,,,,,,,,,,,,,,,,,,,,,,,,,,,,,,,,,,,,,,
NOUN,col-0.5-1-0.16-7.50,,,,,,,Hope,,,,,,0.5-1,0.16,7.5,,,,,,,,,,,,,,,,,,,,,,,,,,,,,,,,,,,,,,,,,,,,,,,,,,,,,,,,
NOUN,col-0-0.5-0.16-7.50,,,,,,,Claret,,,,,,0-0.5,0.16,7.5,,,,,,,,,,,,,,,,,,,,,,,,,,,,,,,,,,,,,,,,,,,,,,,,,,,,,,,,
NOUN,col-0.5-1-0.16-15.00,,,,,,,Salmon,,,,,,0.5-1,0.16,15,,,,,,,,,,,,,,,,,,,,,,,,,,,,,,,,,,,,,,,,,,,,,,,,,,,,,,,,
NOUN,col-0-0.5-0.16-15.00,,,,,,,Cranberry,,,,,,0-0.5,0.16,15,,,,,,,,,,,,,,,,,,,,,,,,,,,,,,,,,,,,,,,,,,,,,,,,,,,,,,,,
NOUN,col-0.5-1-0.16-22.50,,,,,,,Roman,,,,,,0.5-1,0.16,22.5,,,,,,,,,,,,,,,,,,,,,,,,,,,,,,,,,,,,,,,,,,,,,,,,,,,,,,,,
NOUN,col-0-0.5-0.16-22.50,,,,,,,Crimson,,,,,,0-0.5,0.16,22.5,,,,,,,,,,,,,,,,,,,,,,,,,,,,,,,,,,,,,,,,,,,,,,,,,,,,,,,,
NOUN,col-0.5-1-0.16-30.00,,,,,,,Fox,,,,,,0.5-1,0.16,30,,,,,,,,,,,,,,,,,,,,,,,,,,,,,,,,,,,,,,,,,,,,,,,,,,,,,,,,
NOUN,col-0-0.5-0.16-30.00,,,,,,,Carnivore,,,,,,0-0.5,0.16,30,,,,,,,,,,,,,,,,,,,,,,,,,,,,,,,,,,,,,,,,,,,,,,,,,,,,,,,,
NOUN,col-0.5-1-0.16-37.50,,,,,,,Bonfire,,,,,,0.5-1,0.16,37.5,,,,,,,,,,,,,,,,,,,,,,,,,,,,,,,,,,,,,,,,,,,,,,,,,,,,,,,,
NOUN,col-0.5-1-0.16-45.00,,,,,,,Flame,,,,,,0.5-1,0.16,45,,,,,,,,,,,,,,,,,,,,,,,,,,,,,,,,,,,,,,,,,,,,,,,,,,,,,,,,
NOUN,col-0.5-1-0.16-52.50,,,,,,,Cinnamon,,,,,,0.5-1,0.16,52.5,,,,,,,,,,,,,,,,,,,,,,,,,,,,,,,,,,,,,,,,,,,,,,,,,,,,,,,,
NOUN,col-0.5-1-0.16-60.00,,,,,,,Sun,,,,,,0.5-1,0.16,60,,,,,,,,,,,,,,,,,,,,,,,,,,,,,,,,,,,,,,,,,,,,,,,,,,,,,,,,
NOUN,col-0.5-1-0.16-67.50,,,,,,,Toucan,,,,,,0.5-1,0.16,67.5,,,,,,,,,,,,,,,,,,,,,,,,,,,,,,,,,,,,,,,,,,,,,,,,,,,,,,,,
NOUN,col-0.5-1-0.16-75.00,,,,,,,Amber,,,,,,0.5-1,0.16,75,,,,,,,,,,,,,,,,,,,,,,,,,,,,,,,,,,,,,,,,,,,,,,,,,,,,,,,,
NOUN,col-0.5-1-0.16-82.50,,,,,,,Sunflower,,,,,,0.5-1,0.16,82.5,,,,,,,,,,,,,,,,,,,,,,,,,,,,,,,,,,,,,,,,,,,,,,,,,,,,,,,,
NOUN,col-0.5-1-0.16-90.00,,,,,,,Daisy,,,,,,0.5-1,0.16,90,,,,,,,,,,,,,,,,,,,,,,,,,,,,,,,,,,,,,,,,,,,,,,,,,,,,,,,,
NOUN,col-0.5-1-0.18-0.00,,,,,,,Kirby,,,,,,0.5-1,0.18,0,,,,,,,,,,,,,,,,,,,,,,,,,,,,,,,,,,,,,,,,,,,,,,,,,,,,,,,,
NOUN,col-0-0.5-0.18-0.00,,,,,,,Velvet,,,,,,0-0.5,0.18,0,,,,,,,,,,,,,,,,,,,,,,,,,,,,,,,,,,,,,,,,,,,,,,,,,,,,,,,,
NOUN,col-0.5-1-0.18-6.67,,,,,,,Lychee,,,,,,0.5-1,0.18,6.666666666666686,,,,,,,,,,,,,,,,,,,,,,,,,,,,,,,,,,,,,,,,,,,,,,,,,,,,,,,,
NOUN,col-0-0.5-0.18-6.67,,,,,,,Rouge,,,,,,0-0.5,0.18,6.666666666666686,,,,,,,,,,,,,,,,,,,,,,,,,,,,,,,,,,,,,,,,,,,,,,,,,,,,,,,,
NOUN,col-0.5-1-0.18-13.33,,,,,,,Granita,,,,,,0.5-1,0.18,13.333333333333314,,,,,,,,,,,,,,,,,,,,,,,,,,,,,,,,,,,,,,,,,,,,,,,,,,,,,,,,
NOUN,col-0-0.5-0.18-13.33,,,,,,,Chorizo,,,,,,0-0.5,0.18,13.333333333333314,,,,,,,,,,,,,,,,,,,,,,,,,,,,,,,,,,,,,,,,,,,,,,,,,,,,,,,,
NOUN,col-0.5-1-0.18-20.00,,,,,,,Lobster,,,,,,0.5-1,0.18,20,,,,,,,,,,,,,,,,,,,,,,,,,,,,,,,,,,,,,,,,,,,,,,,,,,,,,,,,
NOUN,col-0-0.5-0.18-20.00,,,,,,,Cinnabar,,,,,,0-0.5,0.18,20,,,,,,,,,,,,,,,,,,,,,,,,,,,,,,,,,,,,,,,,,,,,,,,,,,,,,,,,
NOUN,col-0.5-1-0.18-26.67,,,,,,,Melon,,,,,,0.5-1,0.18,26.666666666666686,,,,,,,,,,,,,,,,,,,,,,,,,,,,,,,,,,,,,,,,,,,,,,,,,,,,,,,,
NOUN,col-0-0.5-0.18-26.67,,,,,,,Salami,,,,,,0-0.5,0.18,26.666666666666686,,,,,,,,,,,,,,,,,,,,,,,,,,,,,,,,,,,,,,,,,,,,,,,,,,,,,,,,
NOUN,col-0.5-1-0.18-33.33,,,,,,,Mandarin,,,,,,0.5-1,0.18,33.333333333333314,,,,,,,,,,,,,,,,,,,,,,,,,,,,,,,,,,,,,,,,,,,,,,,,,,,,,,,,
NOUN,col-0.5-1-0.18-40.00,,,,,,,Carrot,,,,,,0.5-1,0.18,40,,,,,,,,,,,,,,,,,,,,,,,,,,,,,,,,,,,,,,,,,,,,,,,,,,,,,,,,
NOUN,col-0.5-1-0.18-46.67,,,,,,,Pumpkin,,,,,,0.5-1,0.18,46.666666666666686,,,,,,,,,,,,,,,,,,,,,,,,,,,,,,,,,,,,,,,,,,,,,,,,,,,,,,,,
NOUN,col-0.5-1-0.18-53.33,,,,,,,Papaya,,,,,,0.5-1,0.18,53.333333333333314,,,,,,,,,,,,,,,,,,,,,,,,,,,,,,,,,,,,,,,,,,,,,,,,,,,,,,,,
NOUN,col-0.5-1-0.20-0.00,,,,,,,Pansy,,,,,,0.5-1,0.19999999999999998,0,,,,,,,,,,,,,,,,,,,,,,,,,,,,,,,,,,,,,,,,,,,,,,,,,,,,,,,,
NOUN,col-0.5-1-0.20-6.00,,,,,,,Cardinal,,,,,,0.5-1,0.19999999999999998,6,,,,,,,,,,,,,,,,,,,,,,,,,,,,,,,,,,,,,,,,,,,,,,,,,,,,,,,,
NOUN,col-0.5-1-0.20-12.00,,,,,,,Lava,,,,,,0.5-1,0.19999999999999998,12,,,,,,,,,,,,,,,,,,,,,,,,,,,,,,,,,,,,,,,,,,,,,,,,,,,,,,,,
NOUN,col-0.5-1-0.20-18.00,,,,,,,Cherry,,,,,,0.5-1,0.19999999999999998,18,,,,,,,,,,,,,,,,,,,,,,,,,,,,,,,,,,,,,,,,,,,,,,,,,,,,,,,,
NOUN,col-0.5-1-0.20-24.00,,,,,,,Chili,,,,,,0.5-1,0.19999999999999998,24,,,,,,,,,,,,,,,,,,,,,,,,,,,,,,,,,,,,,,,,,,,,,,,,,,,,,,,,
NOUN,col-0.5-1-0.20-30.00,,,,,,,Tomato,,,,,,0.5-1,0.19999999999999998,30,,,,,,,,,,,,,,,,,,,,,,,,,,,,,,,,,,,,,,,,,,,,,,,,,,,,,,,,
NOUN,col-0.5-1-0.20-36.00,,,,,,,Kimchi,,,,,,0.5-1,0.19999999999999998,36,,,,,,,,,,,,,,,,,,,,,,,,,,,,,,,,,,,,,,,,,,,,,,,,,,,,,,,,
NOUN,col-0.5-1-0.20-42.00,,,,,,,Circus,,,,,,0.5-1,0.19999999999999998,42,,,,,,,,,,,,,,,,,,,,,,,,,,,,,,,,,,,,,,,,,,,,,,,,,,,,,,,,
NOUN,col-0.5-1-0.22-0.00,,,,,,,Infrared,,,,,,0.5-1,0.21999999999999997,0,,,,,,,,,,,,,,,,,,,,,,,,,,,,,,,,,,,,,,,,,,,,,,,,,,,,,,,,
NOUN,col-0.5-1-0.22-5.45,,,,,,,Lollipop,,,,,,0.5-1,0.21999999999999997,5.454545454545439,,,,,,,,,,,,,,,,,,,,,,,,,,,,,,,,,,,,,,,,,,,,,,,,,,,,,,,,
NOUN,col-0.5-1-0.22-10.91,,,,,,,Jasper,,,,,,0.5-1,0.21999999999999997,10.909090909090935,,,,,,,,,,,,,,,,,,,,,,,,,,,,,,,,,,,,,,,,,,,,,,,,,,,,,,,,
NOUN,col-0.5-1-0.22-16.36,,,,,,,Scarlet,,,,,,0.5-1,0.21999999999999997,16.363636363636374,,,,,,,,,,,,,,,,,,,,,,,,,,,,,,,,,,,,,,,,,,,,,,,,,,,,,,,,
NOUN,col-0.5-1-0.22-21.82,,,,,,,Furnace,,,,,,0.5-1,0.21999999999999997,21.818181818181813,,,,,,,,,,,,,,,,,,,,,,,,,,,,,,,,,,,,,,,,,,,,,,,,,,,,,,,,
NOUN,col-0.5-1-0.22-27.27,,,,,,,Magma,,,,,,0.5-1,0.21999999999999997,27.272727272727252,,,,,,,,,,,,,,,,,,,,,,,,,,,,,,,,,,,,,,,,,,,,,,,,,,,,,,,,
NOUN,col-0.5-1-0.22-32.73,,,,,,,Bloodshed,,,,,,0.5-1,0.21999999999999997,32.72727272727275,,,,,,,,,,,,,,,,,,,,,,,,,,,,,,,,,,,,,,,,,,,,,,,,,,,,,,,,
NOUN,col-0.5-1-0.24-0.00,,,,,,,Cyberpink,,,,,,0.5-1,0.23999999999999996,0,,,,,,,,,,,,,,,,,,,,,,,,,,,,,,,,,,,,,,,,,,,,,,,,,,,,,,,,
NOUN,col-0.5-1-0.24-5.00,,,,,,,Pinkella,,,,,,0.5-1,0.23999999999999996,5,,,,,,,,,,,,,,,,,,,,,,,,,,,,,,,,,,,,,,,,,,,,,,,,,,,,,,,,
NOUN,col-0.5-1-0.24-10.00,,,,,,,Barberry,,,,,,0.5-1,0.23999999999999996,10,,,,,,,,,,,,,,,,,,,,,,,,,,,,,,,,,,,,,,,,,,,,,,,,,,,,,,,,
NOUN,col-0.5-1-0.24-15.00,,,,,,,Fireball,,,,,,0.5-1,0.23999999999999996,15,,,,,,,,,,,,,,,,,,,,,,,,,,,,,,,,,,,,,,,,,,,,,,,,,,,,,,,,
NOUN,col-0.5-1-0.24-20.00,,,,,,,Redshift,,,,,,0.5-1,0.23999999999999996,20,,,,,,,,,,,,,,,,,,,,,,,,,,,,,,,,,,,,,,,,,,,,,,,,,,,,,,,,
NOUN,col-0.5-1-0.24-25.00,,,,,,,Mario,,,,,,0.5-1,0.23999999999999996,25,,,,,,,,,,,,,,,,,,,,,,,,,,,,,,,,,,,,,,,,,,,,,,,,,,,,,,,,
NOUN,col-0.5-1-0.24-30.00,,,,,,,Red,,,,,,0.5-1,0.23999999999999996,30,,,,,,,,,,,,,,,,,,,,,,,,,,,,,,,,,,,,,,,,,,,,,,,,,,,,,,,,
NOUN,col-0.5-1-0.02-120.00,,,,,,,Mist,,,,,,0.5-1,0.02,120,,,,,,,,,,,,,,,,,,,,,,,,,,,,,,,,,,,,,,,,,,,,,,,,,,,,,,,,
NOUN,col-0-0.5-0.02-120.00,,,,,,,Thyme,,,,,,0-0.5,0.02,120,,,,,,,,,,,,,,,,,,,,,,,,,,,,,,,,,,,,,,,,,,,,,,,,,,,,,,,,
NOUN,col-0.5-1-0.02-180.00,,,,,,,Rain,,,,,,0.5-1,0.02,180,,,,,,,,,,,,,,,,,,,,,,,,,,,,,,,,,,,,,,,,,,,,,,,,,,,,,,,,
NOUN,col-0-0.5-0.02-180.00,,,,,,,Jungle,,,,,,0-0.5,0.02,180,,,,,,,,,,,,,,,,,,,,,,,,,,,,,,,,,,,,,,,,,,,,,,,,,,,,,,,,
NOUN,col-0.5-1-0.02-240.00,,,,,,,Horizon,,,,,,0.5-1,0.02,240,,,,,,,,,,,,,,,,,,,,,,,,,,,,,,,,,,,,,,,,,,,,,,,,,,,,,,,,
NOUN,col-0-0.5-0.02-240.00,,,,,,,Nightfall,,,,,,0-0.5,0.02,240,,,,,,,,,,,,,,,,,,,,,,,,,,,,,,,,,,,,,,,,,,,,,,,,,,,,,,,,
NOUN,col-0.5-1-0.02-300.00,,,,,,,Thistle,,,,,,0.5-1,0.02,300,,,,,,,,,,,,,,,,,,,,,,,,,,,,,,,,,,,,,,,,,,,,,,,,,,,,,,,,
NOUN,col-0-0.5-0.02-300.00,,,,,,,Caviar,,,,,,0-0.5,0.02,300,,,,,,,,,,,,,,,,,,,,,,,,,,,,,,,,,,,,,,,,,,,,,,,,,,,,,,,,
NOUN,col-0.5-1-0.04-120.00,,,,,,,Dill,,,,,,0.5-1,0.04,120,,,,,,,,,,,,,,,,,,,,,,,,,,,,,,,,,,,,,,,,,,,,,,,,,,,,,,,,
NOUN,col-0-0.5-0.04-120.00,,,,,,,Kelp,,,,,,0-0.5,0.04,120,,,,,,,,,,,,,,,,,,,,,,,,,,,,,,,,,,,,,,,,,,,,,,,,,,,,,,,,
NOUN,col-0.5-1-0.04-150.00,,,,,,,Dew,,,,,,0.5-1,0.04,150,,,,,,,,,,,,,,,,,,,,,,,,,,,,,,,,,,,,,,,,,,,,,,,,,,,,,,,,
NOUN,col-0-0.5-0.04-150.00,,,,,,,Bush,,,,,,0-0.5,0.04,150,,,,,,,,,,,,,,,,,,,,,,,,,,,,,,,,,,,,,,,,,,,,,,,,,,,,,,,,
NOUN,col-0.5-1-0.04-180.00,,,,,,,Raindrop,,,,,,0.5-1,0.04,180,,,,,,,,,,,,,,,,,,,,,,,,,,,,,,,,,,,,,,,,,,,,,,,,,,,,,,,,
NOUN,col-0-0.5-0.04-180.00,,,,,,,Opal,,,,,,0-0.5,0.04,180,,,,,,,,,,,,,,,,,,,,,,,,,,,,,,,,,,,,,,,,,,,,,,,,,,,,,,,,
NOUN,col-0.5-1-0.04-210.00,,,,,,,Basin,,,,,,0.5-1,0.04,210,,,,,,,,,,,,,,,,,,,,,,,,,,,,,,,,,,,,,,,,,,,,,,,,,,,,,,,,
NOUN,col-0-0.5-0.04-210.00,,,,,,,Slate,,,,,,0-0.5,0.04,210,,,,,,,,,,,,,,,,,,,,,,,,,,,,,,,,,,,,,,,,,,,,,,,,,,,,,,,,
NOUN,col-0.5-1-0.04-240.00,,,,,,,Sail,,,,,,0.5-1,0.04,240,,,,,,,,,,,,,,,,,,,,,,,,,,,,,,,,,,,,,,,,,,,,,,,,,,,,,,,,
NOUN,col-0-0.5-0.04-240.00,,,,,,,Denim,,,,,,0-0.5,0.04,240,,,,,,,,,,,,,,,,,,,,,,,,,,,,,,,,,,,,,,,,,,,,,,,,,,,,,,,,
NOUN,col-0.5-1-0.04-270.00,,,,,,,Breeze,,,,,,0.5-1,0.04,270,,,,,,,,,,,,,,,,,,,,,,,,,,,,,,,,,,,,,,,,,,,,,,,,,,,,,,,,
NOUN,col-0-0.5-0.04-270.00,,,,,,,Tuxedo,,,,,,0-0.5,0.04,270,,,,,,,,,,,,,,,,,,,,,,,,,,,,,,,,,,,,,,,,,,,,,,,,,,,,,,,,
NOUN,col-0.5-1-0.04-300.00,,,,,,,Ozone,,,,,,0.5-1,0.04,300,,,,,,,,,,,,,,,,,,,,,,,,,,,,,,,,,,,,,,,,,,,,,,,,,,,,,,,,
NOUN,col-0-0.5-0.04-300.00,,,,,,,Jaguar,,,,,,0-0.5,0.04,300,,,,,,,,,,,,,,,,,,,,,,,,,,,,,,,,,,,,,,,,,,,,,,,,,,,,,,,,
NOUN,col-0.5-1-0.04-330.00,,,,,,,Haze,,,,,,0.5-1,0.04,330,,,,,,,,,,,,,,,,,,,,,,,,,,,,,,,,,,,,,,,,,,,,,,,,,,,,,,,,
NOUN,col-0-0.5-0.04-330.00,,,,,,,Crow,,,,,,0-0.5,0.04,330,,,,,,,,,,,,,,,,,,,,,,,,,,,,,,,,,,,,,,,,,,,,,,,,,,,,,,,,
NOUN,col-0.5-1-0.08-120.00,,,,,,,Herb,,,,,,0.5-1,0.08,120,,,,,,,,,,,,,,,,,,,,,,,,,,,,,,,,,,,,,,,,,,,,,,,,,,,,,,,,
NOUN,col-0-0.5-0.08-120.00,,,,,,,Parsley,,,,,,0-0.5,0.08,120,,,,,,,,,,,,,,,,,,,,,,,,,,,,,,,,,,,,,,,,,,,,,,,,,,,,,,,,
NOUN,col-0.5-1-0.08-150.00,,,,,,,Meadow,,,,,,0.5-1,0.08,150,,,,,,,,,,,,,,,,,,,,,,,,,,,,,,,,,,,,,,,,,,,,,,,,,,,,,,,,
NOUN,col-0-0.5-0.08-150.00,,,,,,,Myrtle,,,,,,0-0.5,0.08,150,,,,,,,,,,,,,,,,,,,,,,,,,,,,,,,,,,,,,,,,,,,,,,,,,,,,,,,,
NOUN,col-0.5-1-0.08-180.00,,,,,,,Shore,,,,,,0.5-1,0.08,180,,,,,,,,,,,,,,,,,,,,,,,,,,,,,,,,,,,,,,,,,,,,,,,,,,,,,,,,
NOUN,col-0-0.5-0.08-180.00,,,,,,,Moat,,,,,,0-0.5,0.08,180,,,,,,,,,,,,,,,,,,,,,,,,,,,,,,,,,,,,,,,,,,,,,,,,,,,,,,,,
NOUN,col-0.5-1-0.08-210.00,,,,,,,Oasis,,,,,,0.5-1,0.08,210,,,,,,,,,,,,,,,,,,,,,,,,,,,,,,,,,,,,,,,,,,,,,,,,,,,,,,,,
NOUN,col-0-0.5-0.08-210.00,,,,,,,Atlantis,,,,,,0-0.5,0.08,210,,,,,,,,,,,,,,,,,,,,,,,,,,,,,,,,,,,,,,,,,,,,,,,,,,,,,,,,
NOUN,col-0.5-1-0.08-240.00,,,,,,,Sky,,,,,,0.5-1,0.08,240,,,,,,,,,,,,,,,,,,,,,,,,,,,,,,,,,,,,,,,,,,,,,,,,,,,,,,,,
NOUN,col-0-0.5-0.08-240.00,,,,,,,Navy,,,,,,0-0.5,0.08,240,,,,,,,,,,,,,,,,,,,,,,,,,,,,,,,,,,,,,,,,,,,,,,,,,,,,,,,,
NOUN,col-0.5-1-0.08-270.00,,,,,,,Hydrangea,,,,,,0.5-1,0.08,270,,,,,,,,,,,,,,,,,,,,,,,,,,,,,,,,,,,,,,,,,,,,,,,,,,,,,,,,
NOUN,col-0-0.5-0.08-270.00,,,,,,,Gem,,,,,,0-0.5,0.08,270,,,,,,,,,,,,,,,,,,,,,,,,,,,,,,,,,,,,,,,,,,,,,,,,,,,,,,,,
NOUN,col-0.5-1-0.08-300.00,,,,,,,Lilac,,,,,,0.5-1,0.08,300,,,,,,,,,,,,,,,,,,,,,,,,,,,,,,,,,,,,,,,,,,,,,,,,,,,,,,,,
NOUN,col-0-0.5-0.08-300.00,,,,,,,Plum,,,,,,0-0.5,0.08,300,,,,,,,,,,,,,,,,,,,,,,,,,,,,,,,,,,,,,,,,,,,,,,,,,,,,,,,,
NOUN,col-0.5-1-0.08-330.00,,,,,,,Mauve,,,,,,0.5-1,0.08,330,,,,,,,,,,,,,,,,,,,,,,,,,,,,,,,,,,,,,,,,,,,,,,,,,,,,,,,,
NOUN,col-0-0.5-0.08-330.00,,,,,,,Grape,,,,,,0-0.5,0.08,330,,,,,,,,,,,,,,,,,,,,,,,,,,,,,,,,,,,,,,,,,,,,,,,,,,,,,,,,
NOUN,col-0.5-1-0.12-100.00,,,,,,,Straw,,,,,,0.5-1,0.12000000000000001,100,,,,,,,,,,,,,,,,,,,,,,,,,,,,,,,,,,,,,,,,,,,,,,,,,,,,,,,,
NOUN,col-0.5-1-0.12-120.00,,,,,,,Kiwi,,,,,,0.5-1,0.12000000000000001,120,,,,,,,,,,,,,,,,,,,,,,,,,,,,,,,,,,,,,,,,,,,,,,,,,,,,,,,,
NOUN,col-0.5-1-0.12-140.00,,,,,,,Fern,,,,,,0.5-1,0.12000000000000001,140,,,,,,,,,,,,,,,,,,,,,,,,,,,,,,,,,,,,,,,,,,,,,,,,,,,,,,,,
NOUN,col-0-0.5-0.12-140.00,,,,,,,Forest,,,,,,0-0.5,0.12000000000000001,140,,,,,,,,,,,,,,,,,,,,,,,,,,,,,,,,,,,,,,,,,,,,,,,,,,,,,,,,
NOUN,col-0.5-1-0.12-160.00,,,,,,,Mint,,,,,,0.5-1,0.12000000000000001,160,,,,,,,,,,,,,,,,,,,,,,,,,,,,,,,,,,,,,,,,,,,,,,,,,,,,,,,,
NOUN,col-0.5-1-0.12-180.00,,,,,,,Waterfall,,,,,,0.5-1,0.12000000000000001,180,,,,,,,,,,,,,,,,,,,,,,,,,,,,,,,,,,,,,,,,,,,,,,,,,,,,,,,,
NOUN,col-0.5-1-0.12-200.00,,,,,,,Rapids,,,,,,0.5-1,0.12000000000000001,200,,,,,,,,,,,,,,,,,,,,,,,,,,,,,,,,,,,,,,,,,,,,,,,,,,,,,,,,
NOUN,col-0.5-1-0.12-220.00,,,,,,,Laguna,,,,,,0.5-1,0.12000000000000001,220,,,,,,,,,,,,,,,,,,,,,,,,,,,,,,,,,,,,,,,,,,,,,,,,,,,,,,,,
NOUN,col-0.5-1-0.12-240.00,,,,,,,Neptune,,,,,,0.5-1,0.12000000000000001,240,,,,,,,,,,,,,,,,,,,,,,,,,,,,,,,,,,,,,,,,,,,,,,,,,,,,,,,,
NOUN,col-0.5-1-0.12-260.00,,,,,,,Deluge,,,,,,0.5-1,0.12000000000000001,260,,,,,,,,,,,,,,,,,,,,,,,,,,,,,,,,,,,,,,,,,,,,,,,,,,,,,,,,
NOUN,col-0-0.5-0.12-260.00,,,,,,,Storm,,,,,,0-0.5,0.12000000000000001,260,,,,,,,,,,,,,,,,,,,,,,,,,,,,,,,,,,,,,,,,,,,,,,,,,,,,,,,,
NOUN,col-0.5-1-0.12-280.00,,,,,,,Portage,,,,,,0.5-1,0.12000000000000001,280,,,,,,,,,,,,,,,,,,,,,,,,,,,,,,,,,,,,,,,,,,,,,,,,,,,,,,,,
NOUN,col-0-0.5-0.12-280.00,,,,,,,Marlin,,,,,,0-0.5,0.12000000000000001,280,,,,,,,,,,,,,,,,,,,,,,,,,,,,,,,,,,,,,,,,,,,,,,,,,,,,,,,,
NOUN,col-0.5-1-0.12-300.00,,,,,,,Amethyst,,,,,,0.5-1,0.12000000000000001,300,,,,,,,,,,,,,,,,,,,,,,,,,,,,,,,,,,,,,,,,,,,,,,,,,,,,,,,,
NOUN,col-0-0.5-0.12-300.00,,,,,,,Blueberry,,,,,,0-0.5,0.12000000000000001,300,,,,,,,,,,,,,,,,,,,,,,,,,,,,,,,,,,,,,,,,,,,,,,,,,,,,,,,,
NOUN,col-0.5-1-0.12-320.00,,,,,,,Lavender,,,,,,0.5-1,0.12000000000000001,320,,,,,,,,,,,,,,,,,,,,,,,,,,,,,,,,,,,,,,,,,,,,,,,,,,,,,,,,
NOUN,col-0-0.5-0.12-320.00,,,,,,,Dahlia,,,,,,0-0.5,0.12000000000000001,320,,,,,,,,,,,,,,,,,,,,,,,,,,,,,,,,,,,,,,,,,,,,,,,,,,,,,,,,
NOUN,col-0.5-1-0.12-340.00,,,,,,,Primrose,,,,,,0.5-1,0.12000000000000001,340,,,,,,,,,,,,,,,,,,,,,,,,,,,,,,,,,,,,,,,,,,,,,,,,,,,,,,,,
NOUN,col-0-0.5-0.12-340.00,,,,,,,Eggplant,,,,,,0-0.5,0.12000000000000001,340,,,,,,,,,,,,,,,,,,,,,,,,,,,,,,,,,,,,,,,,,,,,,,,,,,,,,,,,
NOUN,col-0.5-1-0.16-105.00,,,,,,,Pesto,,,,,,0.5-1,0.16,105,,,,,,,,,,,,,,,,,,,,,,,,,,,,,,,,,,,,,,,,,,,,,,,,,,,,,,,,
NOUN,col-0.5-1-0.16-120.00,,,,,,,Citrus,,,,,,0.5-1,0.16,120,,,,,,,,,,,,,,,,,,,,,,,,,,,,,,,,,,,,,,,,,,,,,,,,,,,,,,,,
NOUN,col-0.5-1-0.16-135.00,,,,,,,Leaf,,,,,,0.5-1,0.16,135,,,,,,,,,,,,,,,,,,,,,,,,,,,,,,,,,,,,,,,,,,,,,,,,,,,,,,,,
NOUN,col-0.5-1-0.16-150.00,,,,,,,Grass,,,,,,0.5-1,0.16,150,,,,,,,,,,,,,,,,,,,,,,,,,,,,,,,,,,,,,,,,,,,,,,,,,,,,,,,,
NOUN,col-0.5-1-0.16-165.00,,,,,,,Jade,,,,,,0.5-1,0.16,165,,,,,,,,,,,,,,,,,,,,,,,,,,,,,,,,,,,,,,,,,,,,,,,,,,,,,,,,
NOUN,col-0.5-1-0.16-240.00,,,,,,,Swimmer,,,,,,0.5-1,0.16,240,,,,,,,,,,,,,,,,,,,,,,,,,,,,,,,,,,,,,,,,,,,,,,,,,,,,,,,,
NOUN,col-0.5-1-0.16-255.00,,,,,,,Orchid,,,,,,0.5-1,0.16,255,,,,,,,,,,,,,,,,,,,,,,,,,,,,,,,,,,,,,,,,,,,,,,,,,,,,,,,,
NOUN,col-0.5-1-0.16-270.00,,,,,,,Iris,,,,,,0.5-1,0.16,270,,,,,,,,,,,,,,,,,,,,,,,,,,,,,,,,,,,,,,,,,,,,,,,,,,,,,,,,
NOUN,col-0-0.5-0.16-270.00,,,,,,,Sapphire,,,,,,0-0.5,0.16,270,,,,,,,,,,,,,,,,,,,,,,,,,,,,,,,,,,,,,,,,,,,,,,,,,,,,,,,,
NOUN,col-0.5-1-0.16-285.00,,,,,,,Diva,,,,,,0.5-1,0.16,285,,,,,,,,,,,,,,,,,,,,,,,,,,,,,,,,,,,,,,,,,,,,,,,,,,,,,,,,
NOUN,col-0-0.5-0.16-285.00,,,,,,,Indigo,,,,,,0-0.5,0.16,285,,,,,,,,,,,,,,,,,,,,,,,,,,,,,,,,,,,,,,,,,,,,,,,,,,,,,,,,
NOUN,col-0.5-1-0.16-300.00,,,,,,,Beauty,,,,,,0.5-1,0.16,300,,,,,,,,,,,,,,,,,,,,,,,,,,,,,,,,,,,,,,,,,,,,,,,,,,,,,,,,
NOUN,col-0-0.5-0.16-300.00,,,,,,,Royalty,,,,,,0-0.5,0.16,300,,,,,,,,,,,,,,,,,,,,,,,,,,,,,,,,,,,,,,,,,,,,,,,,,,,,,,,,
NOUN,col-0.5-1-0.16-315.00,,,,,,,Fandango,,,,,,0.5-1,0.16,315,,,,,,,,,,,,,,,,,,,,,,,,,,,,,,,,,,,,,,,,,,,,,,,,,,,,,,,,
NOUN,col-0-0.5-0.16-315.00,,,,,,,Purple,,,,,,0-0.5,0.16,315,,,,,,,,,,,,,,,,,,,,,,,,,,,,,,,,,,,,,,,,,,,,,,,,,,,,,,,,
NOUN,col-0.5-1-0.16-330.00,,,,,,,Hibiscus,,,,,,0.5-1,0.16,330,,,,,,,,,,,,,,,,,,,,,,,,,,,,,,,,,,,,,,,,,,,,,,,,,,,,,,,,
NOUN,col-0-0.5-0.16-330.00,,,,,,,Mulberry,,,,,,0-0.5,0.16,330,,,,,,,,,,,,,,,,,,,,,,,,,,,,,,,,,,,,,,,,,,,,,,,,,,,,,,,,
NOUN,col-0.5-1-0.16-345.00,,,,,,,Sangria,,,,,,0.5-1,0.16,345,,,,,,,,,,,,,,,,,,,,,,,,,,,,,,,,,,,,,,,,,,,,,,,,,,,,,,,,
NOUN,col-0-0.5-0.16-345.00,,,,,,,Cerise,,,,,,0-0.5,0.16,345,,,,,,,,,,,,,,,,,,,,,,,,,,,,,,,,,,,,,,,,,,,,,,,,,,,,,,,,
NOUN,col-0.5-1-0.20-120.00,,,,,,,Citrine,,,,,,0.5-1,0.19999999999999998,120,,,,,,,,,,,,,,,,,,,,,,,,,,,,,,,,,,,,,,,,,,,,,,,,,,,,,,,,
NOUN,col-0.5-1-0.20-132.00,,,,,,,Clover,,,,,,0.5-1,0.19999999999999998,132,,,,,,,,,,,,,,,,,,,,,,,,,,,,,,,,,,,,,,,,,,,,,,,,,,,,,,,,
NOUN,col-0.5-1-0.20-144.00,,,,,,,Lime,,,,,,0.5-1,0.19999999999999998,144,,,,,,,,,,,,,,,,,,,,,,,,,,,,,,,,,,,,,,,,,,,,,,,,,,,,,,,,
NOUN,col-0.5-1-0.20-156.00,,,,,,,Emerald,,,,,,0.5-1,0.19999999999999998,156,,,,,,,,,,,,,,,,,,,,,,,,,,,,,,,,,,,,,,,,,,,,,,,,,,,,,,,,
NOUN,col-0.5-1-0.20-264.00,,,,,,,Azure,,,,,,0.5-1,0.19999999999999998,264,,,,,,,,,,,,,,,,,,,,,,,,,,,,,,,,,,,,,,,,,,,,,,,,,,,,,,,,
NOUN,col-0-0.5-0.20-264.00,,,,,,,Cobalt,,,,,,0-0.5,0.19999999999999998,264,,,,,,,,,,,,,,,,,,,,,,,,,,,,,,,,,,,,,,,,,,,,,,,,,,,,,,,,
NOUN,col-0.5-1-0.20-276.00,,,,,,,Sailfish,,,,,,0.5-1,0.19999999999999998,276,,,,,,,,,,,,,,,,,,,,,,,,,,,,,,,,,,,,,,,,,,,,,,,,,,,,,,,,
NOUN,col-0-0.5-0.20-276.00,,,,,,,Bluebell,,,,,,0-0.5,0.19999999999999998,276,,,,,,,,,,,,,,,,,,,,,,,,,,,,,,,,,,,,,,,,,,,,,,,,,,,,,,,,
NOUN,col-0.5-1-0.20-288.00,,,,,,,Bubblegum,,,,,,0.5-1,0.19999999999999998,288,,,,,,,,,,,,,,,,,,,,,,,,,,,,,,,,,,,,,,,,,,,,,,,,,,,,,,,,
NOUN,col-0-0.5-0.20-288.00,,,,,,,Violet,,,,,,0-0.5,0.19999999999999998,288,,,,,,,,,,,,,,,,,,,,,,,,,,,,,,,,,,,,,,,,,,,,,,,,,,,,,,,,
NOUN,col-0.5-1-0.20-300.00,,,,,,,Perfume,,,,,,0.5-1,0.19999999999999998,300,,,,,,,,,,,,,,,,,,,,,,,,,,,,,,,,,,,,,,,,,,,,,,,,,,,,,,,,
NOUN,col-0-0.5-0.20-300.00,,,,,,,Charisma,,,,,,0-0.5,0.19999999999999998,300,,,,,,,,,,,,,,,,,,,,,,,,,,,,,,,,,,,,,,,,,,,,,,,,,,,,,,,,
NOUN,col-0.5-1-0.20-312.00,,,,,,,Amaranth,,,,,,0.5-1,0.19999999999999998,312,,,,,,,,,,,,,,,,,,,,,,,,,,,,,,,,,,,,,,,,,,,,,,,,,,,,,,,,
NOUN,col-0-0.5-0.20-312.00,,,,,,,Idol,,,,,,0-0.5,0.19999999999999998,312,,,,,,,,,,,,,,,,,,,,,,,,,,,,,,,,,,,,,,,,,,,,,,,,,,,,,,,,
NOUN,col-0.5-1-0.20-324.00,,,,,,,Rose,,,,,,0.5-1,0.19999999999999998,324,,,,,,,,,,,,,,,,,,,,,,,,,,,,,,,,,,,,,,,,,,,,,,,,,,,,,,,,
NOUN,col-0-0.5-0.20-324.00,,,,,,,Disco,,,,,,0-0.5,0.19999999999999998,324,,,,,,,,,,,,,,,,,,,,,,,,,,,,,,,,,,,,,,,,,,,,,,,,,,,,,,,,
NOUN,col-0.5-1-0.20-336.00,,,,,,,Dimple,,,,,,0.5-1,0.19999999999999998,336,,,,,,,,,,,,,,,,,,,,,,,,,,,,,,,,,,,,,,,,,,,,,,,,,,,,,,,,
NOUN,col-0-0.5-0.20-336.00,,,,,,,Rhubarb,,,,,,0-0.5,0.19999999999999998,336,,,,,,,,,,,,,,,,,,,,,,,,,,,,,,,,,,,,,,,,,,,,,,,,,,,,,,,,
NOUN,col-0.5-1-0.20-348.00,,,,,,,Rowan,,,,,,0.5-1,0.19999999999999998,348,,,,,,,,,,,,,,,,,,,,,,,,,,,,,,,,,,,,,,,,,,,,,,,,,,,,,,,,
NOUN,col-0-0.5-0.20-348.00,,,,,,,Pleasure,,,,,,0-0.5,0.19999999999999998,348,,,,,,,,,,,,,,,,,,,,,,,,,,,,,,,,,,,,,,,,,,,,,,,,,,,,,,,,
NOUN,col-0.5-1-0.24-140.00,,,,,,,Green,,,,,,0.5-1,0.23999999999999996,140,,,,,,,,,,,,,,,,,,,,,,,,,,,,,,,,,,,,,,,,,,,,,,,,,,,,,,,,
NOUN,col-0.5-1-0.24-270.00,,,,,,,Kyanite,,,,,,0.5-1,0.23999999999999996,270,,,,,,,,,,,,,,,,,,,,,,,,,,,,,,,,,,,,,,,,,,,,,,,,,,,,,,,,
NOUN,col-0-0.5-0.24-270.00,,,,,,,Royal,,,,,,0-0.5,0.23999999999999996,270,,,,,,,,,,,,,,,,,,,,,,,,,,,,,,,,,,,,,,,,,,,,,,,,,,,,,,,,
NOUN,col-0.5-1-0.24-280.00,,,,,,,Janitor,,,,,,0.5-1,0.23999999999999996,280,,,,,,,,,,,,,,,,,,,,,,,,,,,,,,,,,,,,,,,,,,,,,,,,,,,,,,,,
NOUN,col-0-0.5-0.24-280.00,,,,,,,Prunelle,,,,,,0-0.5,0.23999999999999996,280,,,,,,,,,,,,,,,,,,,,,,,,,,,,,,,,,,,,,,,,,,,,,,,,,,,,,,,,
NOUN,col-0.5-1-0.24-290.00,,,,,,,Byzantine,,,,,,0.5-1,0.23999999999999996,290,,,,,,,,,,,,,,,,,,,,,,,,,,,,,,,,,,,,,,,,,,,,,,,,,,,,,,,,
NOUN,col-0-0.5-0.24-290.00,,,,,,,Indiglow,,,,,,0-0.5,0.23999999999999996,290,,,,,,,,,,,,,,,,,,,,,,,,,,,,,,,,,,,,,,,,,,,,,,,,,,,,,,,,
NOUN,col-0.5-1-0.24-300.00,,,,,,,Barney,,,,,,0.5-1,0.23999999999999996,300,,,,,,,,,,,,,,,,,,,,,,,,,,,,,,,,,,,,,,,,,,,,,,,,,,,,,,,,
NOUN,col-0-0.5-0.24-300.00,,,,,,,Shiner,,,,,,0-0.5,0.23999999999999996,300,,,,,,,,,,,,,,,,,,,,,,,,,,,,,,,,,,,,,,,,,,,,,,,,,,,,,,,,
NOUN,col-0.5-1-0.24-310.00,,,,,,,Magentle,,,,,,0.5-1,0.23999999999999996,310,,,,,,,,,,,,,,,,,,,,,,,,,,,,,,,,,,,,,,,,,,,,,,,,,,,,,,,,
NOUN,col-0-0.5-0.24-310.00,,,,,,,Purplex,,,,,,0-0.5,0.23999999999999996,310,,,,,,,,,,,,,,,,,,,,,,,,,,,,,,,,,,,,,,,,,,,,,,,,,,,,,,,,
NOUN,col-0.5-1-0.24-320.00,,,,,,,Vaporwave,,,,,,0.5-1,0.23999999999999996,320,,,,,,,,,,,,,,,,,,,,,,,,,,,,,,,,,,,,,,,,,,,,,,,,,,,,,,,,
NOUN,col-0.5-1-0.24-330.00,,,,,,,Pinkinity,,,,,,0.5-1,0.23999999999999996,330,,,,,,,,,,,,,,,,,,,,,,,,,,,,,,,,,,,,,,,,,,,,,,,,,,,,,,,,
NOUN,col-0.5-1-0.24-340.00,,,,,,,Kisses,,,,,,0.5-1,0.23999999999999996,340,,,,,,,,,,,,,,,,,,,,,,,,,,,,,,,,,,,,,,,,,,,,,,,,,,,,,,,,
NOUN,col-0.5-1-0.24-350.00,,,,,,,Anarchist,,,,,,0.5-1,0.23999999999999996,350,,,,,,,,,,,,,,,,,,,,,,,,,,,,,,,,,,,,,,,,,,,,,,,,,,,,,,,,
NOUN,col-0-0.5-0.28-265.71,,,,,,,Blue,,,,,,0-0.5,0.27999999999999997,265.7142857142858,,,,,,,,,,,,,,,,,,,,,,,,,,,,,,,,,,,,,,,,,,,,,,,,,,,,,,,,
NOUN,col-0-0.5-0.28-274.29,,,,,,,Zaffre,,,,,,0-0.5,0.27999999999999997,274.2857142857142,,,,,,,,,,,,,,,,,,,,,,,,,,,,,,,,,,,,,,,,,,,,,,,,,,,,,,,,
NOUN,col-0-0.5-0.28-282.86,,,,,,,Vesper,,,,,,0-0.5,0.27999999999999997,282.8571428571429,,,,,,,,,,,,,,,,,,,,,,,,,,,,,,,,,,,,,,,,,,,,,,,,,,,,,,,,
NOUN,col-0.5-1-0.28-291.43,,,,,,,Burple,,,,,,0.5-1,0.27999999999999997,291.42857142857144,,,,,,,,,,,,,,,,,,,,,,,,,,,,,,,,,,,,,,,,,,,,,,,,,,,,,,,,
NOUN,col-0.5-1-0.28-300.00,,,,,,,Phlox,,,,,,0.5-1,0.27999999999999997,300,,,,,,,,,,,,,,,,,,,,,,,,,,,,,,,,,,,,,,,,,,,,,,,,,,,,,,,,
NOUN,col-0.5-1-0.28-308.57,,,,,,,Barbara,,,,,,0.5-1,0.27999999999999997,308.57142857142856,,,,,,,,,,,,,,,,,,,,,,,,,,,,,,,,,,,,,,,,,,,,,,,,,,,,,,,,
NOUN,col-0.5-1-0.28-317.14,,,,,,,Nebula,,,,,,0.5-1,0.27999999999999997,317.1428571428571,,,,,,,,,,,,,,,,,,,,,,,,,,,,,,,,,,,,,,,,,,,,,,,,,,,,,,,,
NOUN,col-0.5-1-0.28-325.71,,,,,,,Fuchsia,,,,,,0.5-1,0.27999999999999997,325.7142857142858,,,,,,,,,,,,,,,,,,,,,,,,,,,,,,,,,,,,,,,,,,,,,,,,,,,,,,,,
NOUN,col-0.5-1-0.28-334.29,,,,,,,Magenta,,,,,,0.5-1,0.27999999999999997,334.2857142857142,,,,,,,,,,,,,,,,,,,,,,,,,,,,,,,,,,,,,,,,,,,,,,,,,,,,,,,,
NOUN,col-0.5-1-0.03-75.00,,,,,,,sand,,,,,,0.5-1,0.03,75,,,,,,,,,,,,,,,,,,,,,,,,,,,,,,,,,,,,,,,,,,,,,,,,,,,,,,,,
NOUN,col-0-0.499-0.02-90.00,,,,,,,Owl,,,,,,0-0.499,0.02,90,,,,,,,,,,,,,,,,,,,,,,,,,,,,,,,,,,,,,,,,,,,,,,,,,,,,,,,,
NOUN,col-0.5-0.9-0.05-75.00,,,,,,,Linen,,,,,,0.5-0.9,0.05,75,,,,,,,,,,,,,,,,,,,,,,,,,,,,,,,,,,,,,,,,,,,,,,,,,,,,,,,,
NOUN,col-0.5-1-0.01-75.00,,,,,,,Fog,,,,,,0.5-1,0.01,75,,,,,,,,,,,,,,,,,,,,,,,,,,,,,,,,,,,,,,,,,,,,,,,,,,,,,,,,
ADJECTIVE,10,,,,,,,,inky,,,,,10,,,,,,,,,,,,,,,,,,,,,,,,,,,,,,,,,,,,,,,,,,,,,,,,,,,,,,,,,,
ADJECTIVE,12,,,,,,,,space,,,,,12,,,,,,,,,,,,,,,,,,,,,,,,,,,,,,,,,,,,,,,,,,,,,,,,,,,,,,,,,,
ADJECTIVE,14,,,,,,,,UMBRAL,,,,,14,,,,,,,,,,,,,,,,,,,,,,,,,,,,,,,,,,,,,,,,,,,,,,,,,,,,,,,,,,
ADJECTIVE,16,,,,,,,,GRAND,,,,,16,,,,,,,,,,,,,,,,,,,,,,,,,,,,,,,,,,,,,,,,,,,,,,,,,,,,,,,,,,
ADJECTIVE,18,,,,,,,,STARLIT,,,,,18,,,,,,,,,,,,,,,,,,,,,,,,,,,,,,,,,,,,,,,,,,,,,,,,,,,,,,,,,,
ADJECTIVE,20,,,,,,,,MOONLIT,,,,,20,,,,,,,,,,,,,,,,,,,,,,,,,,,,,,,,,,,,,,,,,,,,,,,,,,,,,,,,,,
ADJECTIVE,22,,,,,,,,LUNAR,,,,,22,,,,,,,,,,,,,,,,,,,,,,,,,,,,,,,,,,,,,,,,,,,,,,,,,,,,,,,,,,
ADJECTIVE,24,,,,,,,,nightly,,,,,24,,,,,,,,,,,,,,,,,,,,,,,,,,,,,,,,,,,,,,,,,,,,,,,,,,,,,,,,,,
ADJECTIVE,26,,,,,,,,Stout,,,,,26,,,,,,,,,,,,,,,,,,,,,,,,,,,,,,,,,,,,,,,,,,,,,,,,,,,,,,,,,,
ADJECTIVE,28,,,,,,,,Strong,,,,,28,,,,,,,,,,,,,,,,,,,,,,,,,,,,,,,,,,,,,,,,,,,,,,,,,,,,,,,,,,
ADJECTIVE,30,,,,,,,,smoked,,,,,30,,,,,,,,,,,,,,,,,,,,,,,,,,,,,,,,,,,,,,,,,,,,,,,,,,,,,,,,,,
ADJECTIVE,32,,,,,,,,deep,,,,,32,,,,,,,,,,,,,,,,,,,,,,,,,,,,,,,,,,,,,,,,,,,,,,,,,,,,,,,,,,
ADJECTIVE,34,,,,,,,,shaded,,,,,34,,,,,,,,,,,,,,,,,,,,,,,,,,,,,,,,,,,,,,,,,,,,,,,,,,,,,,,,,,
ADJECTIVE,36,,,,,,,,quiet,,,,,36,,,,,,,,,,,,,,,,,,,,,,,,,,,,,,,,,,,,,,,,,,,,,,,,,,,,,,,,,,
ADJECTIVE,38,,,,,,,,toned,,,,,38,,,,,,,,,,,,,,,,,,,,,,,,,,,,,,,,,,,,,,,,,,,,,,,,,,,,,,,,,,
ADJECTIVE,40,,,,,,,,muted,,,,,40,,,,,,,,,,,,,,,,,,,,,,,,,,,,,,,,,,,,,,,,,,,,,,,,,,,,,,,,,,
ADJECTIVE,42,,,,,,,,Lone,,,,,42,,,,,,,,,,,,,,,,,,,,,,,,,,,,,,,,,,,,,,,,,,,,,,,,,,,,,,,,,,
ADJECTIVE,44,,,,,,,,Subtle,,,,,44,,,,,,,,,,,,,,,,,,,,,,,,,,,,,,,,,,,,,,,,,,,,,,,,,,,,,,,,,,
ADJECTIVE,46,,,,,,,,Thin,,,,,46,,,,,,,,,,,,,,,,,,,,,,,,,,,,,,,,,,,,,,,,,,,,,,,,,,,,,,,,,,
ADJECTIVE,48,,,,,,,,Vintage,,,,,48,,,,,,,,,,,,,,,,,,,,,,,,,,,,,,,,,,,,,,,,,,,,,,,,,,,,,,,,,,
ADJECTIVE,50,,,,,,,,SLIGHT,,,,,50,,,,,,,,,,,,,,,,,,,,,,,,,,,,,,,,,,,,,,,,,,,,,,,,,,,,,,,,,,
ADJECTIVE,52,,,,,,,,core,,,,,52,,,,,,,,,,,,,,,,,,,,,,,,,,,,,,,,,,,,,,,,,,,,,,,,,,,,,,,,,,
ADJECTIVE,54,,,,,,,,GENTLE,,,,,54,,,,,,,,,,,,,,,,,,,,,,,,,,,,,,,,,,,,,,,,,,,,,,,,,,,,,,,,,,
ADJECTIVE,56,,,,,,,,Hidden,,,,,56,,,,,,,,,,,,,,,,,,,,,,,,,,,,,,,,,,,,,,,,,,,,,,,,,,,,,,,,,,
ADJECTIVE,58,,,,,,,,STARK,,,,,58,,,,,,,,,,,,,,,,,,,,,,,,,,,,,,,,,,,,,,,,,,,,,,,,,,,,,,,,,,
ADJECTIVE,60,,,,,,,,sheer,,,,,60,,,,,,,,,,,,,,,,,,,,,,,,,,,,,,,,,,,,,,,,,,,,,,,,,,,,,,,,,,
ADJECTIVE,62,,,,,,,,faint,,,,,62,,,,,,,,,,,,,,,,,,,,,,,,,,,,,,,,,,,,,,,,,,,,,,,,,,,,,,,,,,
ADJECTIVE,64,,,,,,,,Stern,,,,,64,,,,,,,,,,,,,,,,,,,,,,,,,,,,,,,,,,,,,,,,,,,,,,,,,,,,,,,,,,
ADJECTIVE,66,,,,,,,,clear,,,,,66,,,,,,,,,,,,,,,,,,,,,,,,,,,,,,,,,,,,,,,,,,,,,,,,,,,,,,,,,,
ADJECTIVE,68,,,,,,,,lucid,,,,,68,,,,,,,,,,,,,,,,,,,,,,,,,,,,,,,,,,,,,,,,,,,,,,,,,,,,,,,,,,
ADJECTIVE,70,,,,,,,,light,,,,,70,,,,,,,,,,,,,,,,,,,,,,,,,,,,,,,,,,,,,,,,,,,,,,,,,,,,,,,,,,
ADJECTIVE,72,,,,,,,,fair,,,,,72,,,,,,,,,,,,,,,,,,,,,,,,,,,,,,,,,,,,,,,,,,,,,,,,,,,,,,,,,,
ADJECTIVE,74,,,,,,,,Chalky,,,,,74,,,,,,,,,,,,,,,,,,,,,,,,,,,,,,,,,,,,,,,,,,,,,,,,,,,,,,,,,,
ADJECTIVE,76,,,,,,,,Pale,,,,,76,,,,,,,,,,,,,,,,,,,,,,,,,,,,,,,,,,,,,,,,,,,,,,,,,,,,,,,,,,
ADJECTIVE,78,,,,,,,,frosted,,,,,78,,,,,,,,,,,,,,,,,,,,,,,,,,,,,,,,,,,,,,,,,,,,,,,,,,,,,,,,,,
ADJECTIVE,80,,,,,,,,Dusky,,,,,80,,,,,,,,,,,,,,,,,,,,,,,,,,,,,,,,,,,,,,,,,,,,,,,,,,,,,,,,,,
ADJECTIVE,82,,,,,,,,bright,,,,,82,,,,,,,,,,,,,,,,,,,,,,,,,,,,,,,,,,,,,,,,,,,,,,,,,,,,,,,,,,
ADJECTIVE,84,,,,,,,,tinted,,,,,84,,,,,,,,,,,,,,,,,,,,,,,,,,,,,,,,,,,,,,,,,,,,,,,,,,,,,,,,,,
ADJECTIVE,86,,,,,,,,STELLAR,,,,,86,,,,,,,,,,,,,,,,,,,,,,,,,,,,,,,,,,,,,,,,,,,,,,,,,,,,,,,,,,
ADJECTIVE,88,,,,,,,,BLEACHED,,,,,88,,,,,,,,,,,,,,,,,,,,,,,,,,,,,,,,,,,,,,,,,,,,,,,,,,,,,,,,,,
ADJECTIVE,90,,,,,,,,SOLAR,,,,,90,,,,,,,,,,,,,,,,,,,,,,,,,,,,,,,,,,,,,,,,,,,,,,,,,,,,,,,,,,
ADJECTIVE,92,,,,,,,,GLACIAL,,,,,92,,,,,,,,,,,,,,,,,,,,,,,,,,,,,,,,,,,,,,,,,,,,,,,,,,,,,,,,,,
ADJECTIVE,94,,,,,,,,SNOWY,,,,,94,,,,,,,,,,,,,,,,,,,,,,,,,,,,,,,,,,,,,,,,,,,,,,,,,,,,,,,,,,
ADJECTIVE,96,,,,,,,,Milky,,,,,96,,,,,,,,,,,,,,,,,,,,,,,,,,,,,,,,,,,,,,,,,,,,,,,,,,,,,,,,,,
ADJECTIVE,98,,,,,,,,Arctic,,,,,98,,,,,,,,,,,,,,,,,,,,,,,,,,,,,,,,,,,,,,,,,,,,,,,,,,,,,,,,,,
ADJECTIVE,100,,,,,,,,POLAR,,,,,100,,,,,,,,,,,,,,,,,,,,,,,,,,,,,,,,,,,,,,,,,,,,,,,,,,,,,,,,,,
ADJECTIVE,00,,,,,,,,TRUE,,,,,00,,,,,,,,,,,,,,,,,,,,,,,,,,,,,,,,,,,,,,,,,,,,,,,,,,,,,,,,,,
ADJECTIVE,02,,,,,,,,PURE,,,,,02,,,,,,,,,,,,,,,,,,,,,,,,,,,,,,,,,,,,,,,,,,,,,,,,,,,,,,,,,,
ADJECTIVE,04,,,,,,,,PLAIN,,,,,04,,,,,,,,,,,,,,,,,,,,,,,,,,,,,,,,,,,,,,,,,,,,,,,,,,,,,,,,,,
ADJECTIVE,06,,,,,,,,TOUGH,,,,,06,,,,,,,,,,,,,,,,,,,,,,,,,,,,,,,,,,,,,,,,,,,,,,,,,,,,,,,,,,
ADJECTIVE,08,,,,,,,,Hefty,,,,,08,,,,,,,,,,,,,,,,,,,,,,,,,,,,,,,,,,,,,,,,,,,,,,,,,,,,,,,,,,
SETTING,,,,,,,,lightL,,,,,,0.5,,,,,,,,,,,,,,,,,,,,,,,,,,,,,,,,,,,,,,,,,,,,,,,,,,,,,,,,,,
SETTING,,,,,,,,neutralC,,,,,,,0.01,,,,,,,,,,,,,,,,,,,,,,,,,,,,,,,,,,,,,,,,,,,,,,,,,,,,,,,,,
SETTING,,,,,,,,vividC,,,,,,,0.1,,,,,,,,,,,,,,,,,,,,,,,,,,,,,,,,,,,,,,,,,,,,,,,,,,,,,,,,,
NEUTRAL_REGION,,,,,,,,Black,499c9ec7-a64d-4c12-998a-5fabce0a6af2,,,,,0.35,,,,,,,,,,,,,,,,,,,,,,,,,,,,,,,,,,,,,,,,,,,,,,,,,,,,,,,,,,
NEUTRAL_REGION,,,,,,,,Dark Grey,a2f20cd3-844b-4853-a884-a67d423aa2d5,,,,,0.49,,,,,,,,,,,,,,,,,,,,,,,,,,,,,,,,,,,,,,,,,,,,,,,,,,,,,,,,,,
NEUTRAL_REGION,,,,,,,,Light Grey,a101c7db-e3bf-4fcb-858b-e2860c001758,,,,,0.9,,,,,,,,,,,,,,,,,,,,,,,,,,,,,,,,,,,,,,,,,,,,,,,,,,,,,,,,,,
NEUTRAL_REGION,,,,,,,,White,b31d6e78-bbda-43e7-81ef-92dcb65bdad7,,,,,1,,,,,,,,,,,,,,,,,,,,,,,,,,,,,,,,,,,,,,,,,,,,,,,,,,,,,,,,,,
HUE_REGION,,,,,,,,Magenta,8d4d4a85-10c6-466e-bf42-b755c12f7932,,,,,,,15,,,,,,,,,,,,,,,,,,,,,,,,,,,,,,,,,,,,,,,,,,,,,,,,,,,,,,,,
HUE_REGION,,,,,,,,Red,6b245ecb-f82b-446d-a17e-8fb86a84c068,,,,,,,45,,,,,,,,,,,,,,,,,,,,,,,,,,,,,,,,,,,,,,,,,,,,,,,,,,,,,,,,
HUE_REGION,,,,,,,,Orange,b57f47c2-6663-4f5b-a164-77c449805693,,,,,,,75,,,,,,,,,,,,,,,,,,,,,,,,,,,,,,,,,,,,,,,,,,,,,,,,,,,,,,,,
HUE_REGION,,,,,,,,Yellow,feeca1f3-220d-47bb-b70f-6d36d50022dd,,,,,,,105,,,,,,,,,,,,,,,,,,,,,,,,,,,,,,,,,,,,,,,,,,,,,,,,,,,,,,,,
HUE_REGION,,,,,,,,Green,374fbc62-a282-4d72-a659-9ae95f3d26db,,,,,,,195,,,,,,,,,,,,,,,,,,,,,,,,,,,,,,,,,,,,,,,,,,,,,,,,,,,,,,,,
HUE_REGION,,,,,,,,Blue,7a5fe54a-369b-430d-9a2c-766f9622defe,,,,,,,285,,,,,,,,,,,,,,,,,,,,,,,,,,,,,,,,,,,,,,,,,,,,,,,,,,,,,,,,
OVERRIDE,,,,,,,,Beige,Light Muted Yellow,,a0a4d169-9622-4bc6-ad0c-0305de5d57dc,,,,,,,,,,,,,,,,,,,,,,,,,,,,,,,,,,,,,,,,,,,,,,,,,,,,,,,,,,,,,
OVERRIDE,,,,,,,,Tan,Dark Muted Yellow,,0f94283c-b996-4e0a-90ec-f33f8b6cbabe,,,,,,,,,,,,,,,,,,,,,,,,,,,,,,,,,,,,,,,,,,,,,,,,,,,,,,,,,,,,,
OVERRIDE,,,,,,,,Taupe,Light Muted Orange,,004acefc-2616-4bfa-91ed-a15012238b51,,,,,,,,,,,,,,,,,,,,,,,,,,,,,,,,,,,,,,,,,,,,,,,,,,,,,,,,,,,,,
OVERRIDE,,,,,,,,Brown,Dark Muted Orange,,e831a4e5-662b-4e85-9dee-e7218f05610b,,,,,,,,,,,,,,,,,,,,,,,,,,,,,,,,,,,,,,,,,,,,,,,,,,,,,,,,,,,,,