Type,Adjective,Noun,HEX,OKLCH_L,OKLCH_C,OKLCH_H,ERP_Code,Note,Tags,Sheen,Profile,Visual_Pattern,Tactile_Texture,Material,Illuminant,Observer,Measurement_Method,Measurement_Date,Measurement_Device,R400 nm,R410 nm,R420 nm,R430 nm,R440 nm,R450 nm,R460 nm,R470 nm,R480 nm,R490 nm,R500 nm,R510 nm,R520 nm,R530 nm,R540 nm,R550 nm,R560 nm,R570 nm,R580 nm,R590 nm,R600 nm,R610 nm,R620 nm,R630 nm,R640 nm,R650 nm,R660 nm,R670 nm,R680 nm,R690 nm,R700 nm,Spectral
DB,panolam,S431 Willow Grey Satin,#c7c0b5,0.8102813116948642,0.017336390630840373,78.33555595665302,,,Solid Laminates,,,,,,D65,10,M1,2026-07-02T17:00:14.030Z,Nix Spectro L,3.33498818e-1,3.96982217e-1,4.37606925e-1,4.55920076e-1,4.65862375e-1,4.73883384e-1,4.79117244e-1,4.80828249e-1,4.82088250e-1,4.84676939e-1,4.91819525e-1,5.01811373e-1,5.10993230e-1,5.18122351e-1,5.23547757e-1,5.27648997e-1,5.35326672e-1,5.45725191e-1,5.53383887e-1,5.57673180e-1,5.58030868e-1,5.57342267e-1,5.57856202e-1,5.57307613e-1,5.56007028e-1,5.57749844e-1,5.57782185e-1,5.58373523e-1,5.59422338e-1,5.60690749e-1,5.61697280e-1,"[0.333498818,0.396982217,0.437606925,0.455920076,0.465862375,0.473883384,0.479117244,0.480828249,0.48208825,0.484676939,0.491819525,0.501811373,0.51099323,0.518122351,0.523547757,0.527648997,0.535326672,0.545725191,0.553383887,0.55767318,0.558030868,0.557342267,0.557856202,0.557307613,0.556007028,0.557749844,0.557782185,0.558373523,0.559422338,0.560690749,0.56169728]"
DB,panolam,S405 Black Satin,#1e1e1f,0.23483866052600663,0.0030299386469264,280.7066870035883,,,Solid Laminates,,,,,,D65,10,M1,2026-07-02T17:01:35.808Z,Nix Spectro L,1.67174378e-2,1.67855300e-2,1.55350083e-2,1.47475211e-2,1.42678684e-2,1.38060117e-2,1.34134533e-2,1.32352838e-2,1.33153636e-2,1.34156337e-2,1.34807518e-2,1.33133139e-2,1.31101193e-2,1.29130937e-2,1.27728928e-2,1.27172584e-2,1.27622824e-2,1.28869446e-2,1.29689792e-2,1.29455445e-2,1.28699860e-2,1.27709098e-2,1.26964232e-2,1.26712486e-2,1.27044808e-2,1.27906222e-2,1.28085006e-2,1.27996936e-2,1.27688959e-2,1.27458271e-2,1.26774535e-2,"[0.0167174378,0.01678553,0.0155350083,0.0147475211,0.0142678684,0.0138060117,0.0134134533,0.0132352838,0.0133153636,0.0134156337,0.0134807518,0.0133133139,0.0131101193,0.0129130937,0.0127728928,0.0127172584,0.0127622824,0.0128869446,0.0129689792,0.0129455445,0.012869986,0.0127709098,0.0126964232,0.0126712486,0.0127044808,0.0127906222,0.0128085006,0.0127996936,0.0127688959,0.0127458271,0.0126774535]"
DB,panolam,LL34 Foundry Satin,#6f6457,0.5086329043590024,0.023995665991036027,71.77631620521959,,,Solid Laminates,,,,,,D65,10,M1,2026-07-02T17:02:26.843Z,Nix Spectro L,5.86686432e-2,7.43335843e-2,8.64719093e-2,9.29910973e-2,9.77191776e-2,1.01130363e-1,1.02996127e-1,1.03644922e-1,1.03943937e-1,1.04556324e-1,1.07394844e-1,1.12554671e-1,1.17757921e-1,1.22056055e-1,1.25268908e-1,1.28307962e-1,1.33106348e-1,1.38792560e-1,1.43245706e-1,1.47104144e-1,1.48846379e-1,1.48792598e-1,1.48356286e-1,1.47589254e-1,1.46457726e-1,1.45922095e-1,1.45009333e-1,1.44397303e-1,1.43932548e-1,1.43554768e-1,1.43146867e-1,"[0.0586686432,0.0743335843,0.0864719093,0.0929910973,0.0977191776,0.101130363,0.102996127,0.103644922,0.103943937,0.104556324,0.107394844,0.112554671,0.117757921,0.122056055,0.125268908,0.128307962,0.133106348,0.13879256,0.143245706,0.147104144,0.148846379,0.148792598,0.148356286,0.147589254,0.146457726,0.145922095,0.145009333,0.144397303,0.143932548,0.143554768,0.143146867]"
DB,panolam,LL62 Raven Satin,#2f3236,0.31717096820140733,0.008035991429063529,255.9091364556407,,,Solid Laminates,,,,,,D65,10,M1,2026-07-02T17:03:48.081Z,Nix Spectro L,3.70234139e-2,3.92995812e-2,3.88626397e-2,3.82189333e-2,3.75750087e-2,3.69482651e-2,3.62544276e-2,3.56102958e-2,3.51477772e-2,3.46111715e-2,3.42481568e-2,3.37786429e-2,3.32640439e-2,3.27717602e-2,3.24294642e-2,3.20619129e-2,3.16016160e-2,3.12734030e-2,3.11461747e-2,3.08958910e-2,3.04726392e-2,2.99576141e-2,2.95186091e-2,2.92642660e-2,2.91295860e-2,2.91277729e-2,2.89571859e-2,2.86832798e-2,2.83540316e-2,2.80658420e-2,2.77601652e-2,"[0.0370234139,0.0392995812,0.0388626397,0.0382189333,0.0375750087,0.0369482651,0.0362544276,0.0356102958,0.0351477772,0.0346111715,0.0342481568,0.0337786429,0.0332640439,0.0327717602,0.0324294642,0.0320619129,0.031601616,0.031273403,0.0311461747,0.030895891,0.0304726392,0.0299576141,0.0295186091,0.029264266,0.029129586,0.0291277729,0.0289571859,0.0286832798,0.0283540316,0.028065842,0.0277601652]"
DB,panolam,S597 Prism Red Satin,#b00728,0.48011146560253426,0.19001113545798726,21.68577877101609,,,Solid Laminates,,,,,,D65,10,M1,2026-07-02T17:04:40.438Z,Nix Spectro L,1.42787756e-2,2.61150405e-2,2.98391577e-2,3.02613076e-2,2.97405150e-2,2.84909047e-2,2.66773313e-2,2.40907717e-2,2.11288676e-2,1.93365294e-2,2.00922247e-2,2.03336500e-2,1.84378300e-2,1.63955804e-2,1.45737370e-2,1.26818996e-2,1.32379336e-2,2.14194551e-2,4.98575307e-2,1.26149938e-1,2.26635644e-1,3.46850240e-1,4.61734200e-1,5.31344843e-1,5.77162635e-1,6.17794693e-1,6.42053342e-1,6.47271156e-1,6.35422349e-1,6.22924089e-1,6.10434258e-1,"[0.0142787756,0.0261150405,0.0298391577,0.0302613076,0.029740515,0.0284909047,0.0266773313,0.0240907717,0.0211288676,0.0193365294,0.0200922247,0.02033365,0.01843783,0.0163955804,0.014573737,0.0126818996,0.0132379336,0.0214194551,0.0498575307,0.126149938,0.226635644,0.34685024,0.4617342,0.531344843,0.577162635,0.617794693,0.642053342,0.647271156,0.635422349,0.622924089,0.610434258]"
DB,panolam,S599 Prism Blue Satin,#014f8e,0.42250008246722814,0.12330221542973377,251.27673909196858,,,Solid Laminates,,,,,,D65,10,M1,2026-07-02T17:06:50.850Z,Nix Spectro L,1.07282326e-1,1.63518307e-1,2.20550948e-1,2.48770645e-1,2.64893121e-1,2.71662408e-1,2.67209679e-1,2.51846910e-1,2.25785968e-1,1.90580139e-1,1.57690188e-1,1.30591112e-1,1.07140402e-1,8.97783488e-2,7.88100958e-2,6.79664969e-2,5.41943461e-2,4.30285603e-2,3.92118327e-2,3.70789930e-2,3.34416866e-2,2.89454836e-2,2.59322800e-2,2.57310893e-2,2.72607114e-2,3.04165684e-2,3.35604265e-2,3.41049023e-2,3.17274597e-2,2.88307674e-2,2.50077017e-2,"[0.107282326,0.163518307,0.220550948,0.248770645,0.264893121,0.271662408,0.267209679,0.25184691,0.225785968,0.190580139,0.157690188,0.130591112,0.107140402,0.0897783488,0.0788100958,0.0679664969,0.0541943461,0.0430285603,0.0392118327,0.037078993,0.0334416866,0.0289454836,0.02593228,0.0257310893,0.0272607114,0.0304165684,0.0335604265,0.0341049023,0.0317274597,0.0288307674,0.0250077017]"
DB,panolam,S47W Fresh Papaya Satin,#ee6f31,0.6847512233228714,0.17350294776907768,43.62710225536597,,,Solid Laminates,,,,,,D65,10,M1,2026-07-02T17:07:40.701Z,Nix Spectro L,7.13783875e-2,8.10979828e-2,7.44920686e-2,6.89813942e-2,6.43658578e-2,5.95241673e-2,5.47245383e-2,5.22626579e-2,5.32397225e-2,5.40528178e-2,4.82095368e-2,3.94221961e-2,4.73097049e-2,6.91810027e-2,1.06071153e-1,1.67391890e-1,2.57253706e-1,3.60877186e-1,4.64436346e-1,5.87575328e-1,6.76607013e-1,7.07997179e-1,7.06424725e-1,6.99712479e-1,6.94562638e-1,6.95126545e-1,6.94786429e-1,6.97195029e-1,7.01652718e-1,7.06512582e-1,7.10909784e-1,"[0.0713783875,0.0810979828,0.0744920686,0.0689813942,0.0643658578,0.0595241673,0.0547245383,0.0522626579,0.0532397225,0.0540528178,0.0482095368,0.0394221961,0.0473097049,0.0691810027,0.106071153,0.16739189,0.257253706,0.360877186,0.464436346,0.587575328,0.676607013,0.707997179,0.706424725,0.699712479,0.694562638,0.695126545,0.694786429,0.697195029,0.701652718,0.706512582,0.710909784]"
DB,panolam,S451 Pepperdust Satin,#aea095,0.7149886801648297,0.022273911200945004,62.84034403541898,,,Solid Laminates,,,,,,D65,10,M1,2026-07-02T17:08:41.887Z,Nix Spectro L,1.97312731e-1,2.44809827e-1,2.78893071e-1,2.95160758e-1,3.04903424e-1,3.12273961e-1,3.16804767e-1,3.18305498e-1,3.19140136e-1,3.21150529e-1,3.26846808e-1,3.34770590e-1,3.41636467e-1,3.46892983e-1,3.50711292e-1,3.53672147e-1,3.60088831e-1,3.69971400e-1,3.80168748e-1,3.91461092e-1,3.99197090e-1,4.03877372e-1,4.07602698e-1,4.09545392e-1,4.11360461e-1,4.16344124e-1,4.20692837e-1,4.26018018e-1,4.31552565e-1,4.36738694e-1,4.40982985e-1,"[0.197312731,0.244809827,0.278893071,0.295160758,0.304903424,0.312273961,0.316804767,0.318305498,0.319140136,0.321150529,0.326846808,0.33477059,0.341636467,0.346892983,0.350711292,0.353672147,0.360088831,0.3699714,0.380168748,0.391461092,0.39919709,0.403877372,0.407602698,0.409545392,0.411360461,0.416344124,0.420692837,0.426018018,0.431552565,0.436738694,0.440982985]"
DB,panolam,S663 Killington White Polished Cathedral,#eeefee,0.9517445920850163,0.0025563492216653023,135.04802275128355,,,Textured Laminates,,,,,,D65,10,M1,2026-07-02T17:09:56.785Z,Nix Spectro L,6.61410916e-1,7.64841413e-1,8.22332358e-1,8.44632828e-1,8.53008294e-1,8.60564911e-1,8.65459013e-1,8.65202761e-1,8.64297605e-1,8.63936436e-1,8.66159499e-1,8.66959047e-1,8.66173851e-1,8.64496541e-1,8.63647544e-1,8.60177481e-1,8.58326054e-1,8.60723412e-1,8.64736927e-1,8.66800797e-1,8.64864743e-1,8.61728680e-1,8.60084009e-1,8.57828927e-1,8.55168808e-1,8.56972003e-1,8.55204105e-1,8.53520429e-1,8.52932298e-1,8.53041673e-1,8.53280842e-1,"[0.661410916,0.764841413,0.822332358,0.844632828,0.853008294,0.860564911,0.865459013,0.865202761,0.864297605,0.863936436,0.866159499,0.866959047,0.866173851,0.864496541,0.863647544,0.860177481,0.858326054,0.860723412,0.864736927,0.866800797,0.864864743,0.86172868,0.860084009,0.857828927,0.855168808,0.856972003,0.855204105,0.853520429,0.852932298,0.853041673,0.853280842]"
DB,panolam,S499 Galaxy White Satin,#ebeae5,0.9366200550659353,0.007372671351408083,103.29914479241592,,,Solid Laminates,,,,,,D65,10,M1,2026-07-02T17:11:08.109Z,Nix Spectro L,5.78118396e-1,6.79927146e-1,7.42762887e-1,7.69766295e-1,7.82889509e-1,7.93886089e-1,8.01234245e-1,8.02915215e-1,8.03481925e-1,8.05014181e-1,8.10382771e-1,8.16097939e-1,8.19862378e-1,8.21690154e-1,8.22710717e-1,8.20731986e-1,8.21413469e-1,8.26322651e-1,8.30969226e-1,8.32468176e-1,8.30000162e-1,8.27369857e-1,8.27024794e-1,8.25654066e-1,8.23438680e-1,8.25538719e-1,8.24542189e-1,8.23877752e-1,8.24060822e-1,8.24745798e-1,8.25337124e-1,"[0.578118396,0.679927146,0.742762887,0.769766295,0.782889509,0.793886089,0.801234245,0.802915215,0.803481925,0.805014181,0.810382771,0.816097939,0.819862378,0.821690154,0.822710717,0.820731986,0.821413469,0.826322651,0.830969226,0.832468176,0.830000162,0.827369857,0.827024794,0.825654066,0.82343868,0.825538719,0.824542189,0.823877752,0.824060822,0.824745798,0.825337124]"
DB,panolam,S551 Fog Grey Satin,#999997,0.6836408399133673,0.0034731345578426272,110.8550122703694,,,Solid Laminates,,,,,,D65,10,M1,2026-07-02T17:15:35.518Z,Nix Spectro L,2.57386643e-1,2.90758258e-1,3.05692267e-1,3.10438043e-1,3.11120415e-1,3.12273324e-1,3.13269621e-1,3.13325965e-1,3.14104772e-1,3.15674764e-1,3.18170071e-1,3.19436365e-1,3.19861168e-1,3.19708705e-1,3.19760281e-1,3.19038659e-1,3.19091266e-1,3.20735252e-1,3.22666740e-1,3.23524988e-1,3.22543001e-1,3.20741475e-1,3.19388509e-1,3.18045664e-1,3.16590691e-1,3.16670227e-1,3.15325129e-1,3.13840777e-1,3.12667358e-1,3.11845767e-1,3.11161530e-1,"[0.257386643,0.290758258,0.305692267,0.310438043,0.311120415,0.312273324,0.313269621,0.313325965,0.314104772,0.315674764,0.318170071,0.319436365,0.319861168,0.319708705,0.319760281,0.319038659,0.319091266,0.320735252,0.32266674,0.323524988,0.322543001,0.320741475,0.319388509,0.318045664,0.316590691,0.316670227,0.315325129,0.313840777,0.312667358,0.311845767,0.31116153]"
DB,panolam,S411 Oxford White Medium Gloss,#edece7,0.943273392592578,0.006830623950958338,104.71713468532243,,,Solid Laminates,,,,,,D65,10,M1,2026-07-02T17:17:08.899Z,Nix Spectro L,5.99430871e-1,7.02655041e-1,7.65131903e-1,7.91415620e-1,8.03635049e-1,8.13974857e-1,8.20814693e-1,8.21989310e-1,8.22091281e-1,8.23147643e-1,8.28314781e-1,8.34040034e-1,8.37847841e-1,8.39693928e-1,8.40794861e-1,8.38800561e-1,8.39227343e-1,8.43789124e-1,8.48343718e-1,8.49876201e-1,8.47309136e-1,8.44264174e-1,8.43358147e-1,8.41565156e-1,8.38990867e-1,8.40778494e-1,8.39343619e-1,8.38227856e-1,8.38083172e-1,8.38510251e-1,8.38922119e-1,"[0.599430871,0.702655041,0.765131903,0.79141562,0.803635049,0.813974857,0.820814693,0.82198931,0.822091281,0.823147643,0.828314781,0.834040034,0.837847841,0.839693928,0.840794861,0.838800561,0.839227343,0.843789124,0.848343718,0.849876201,0.847309136,0.844264174,0.843358147,0.841565156,0.838990867,0.840778494,0.839343619,0.838227856,0.838083172,0.838510251,0.838922119]"
DB,panolam,S548 Custom Grey Satin,#c2bfba,0.8062079206269364,0.0072669438266710325,80.96972194004144,,,Solid Laminates,,,,,,D65,10,M1,2026-07-02T17:18:01.920Z,Nix Spectro L,3.84697074e-1,4.45322615e-1,4.78717339e-1,4.91729170e-1,4.96698445e-1,5.01115030e-1,5.04076564e-1,5.04343092e-1,5.04756558e-1,5.06345201e-1,5.10565078e-1,5.14545405e-1,5.17306042e-1,5.18953586e-1,5.20437264e-1,5.20608330e-1,5.22841549e-1,5.27938759e-1,5.32646239e-1,5.35182500e-1,5.34952831e-1,5.34402001e-1,5.35141230e-1,5.35065281e-1,5.34610820e-1,5.37243748e-1,5.37879980e-1,5.38437963e-1,5.39154828e-1,5.40127969e-1,5.40867901e-1,"[0.384697074,0.445322615,0.478717339,0.49172917,0.496698445,0.50111503,0.504076564,0.504343092,0.504756558,0.506345201,0.510565078,0.514545405,0.517306042,0.518953586,0.520437264,0.52060833,0.522841549,0.527938759,0.532646239,0.5351825,0.534952831,0.534402001,0.53514123,0.535065281,0.53461082,0.537243748,0.53787998,0.538437963,0.539154828,0.540127969,0.540867901]"
DB,panolam,S433 Summer Vacation Satin,#00455a,0.3592331440378379,0.07645870011629835,222.98324540250746,,,Solid Laminates,,,,,,D65,10,M1,2026-07-02T17:19:06.693Z,Nix Spectro L,2.20425036e-2,4.38168146e-2,6.82731330e-2,8.21844891e-2,9.23687354e-2,9.97731179e-2,1.04370677e-1,1.06110415e-1,1.05730335e-1,1.04194774e-1,9.99385610e-2,9.11151290e-2,7.99209610e-2,6.92658782e-2,5.93601607e-2,4.76360671e-2,3.52136001e-2,2.59583730e-2,2.21894655e-2,2.17187796e-2,2.09518500e-2,1.93374936e-2,1.80168245e-2,1.75952025e-2,1.75927188e-2,1.80667661e-2,1.87101804e-2,1.89255197e-2,1.84446611e-2,1.77098718e-2,1.65642388e-2,"[0.0220425036,0.0438168146,0.068273133,0.0821844891,0.0923687354,0.0997731179,0.104370677,0.106110415,0.105730335,0.104194774,0.099938561,0.091115129,0.079920961,0.0692658782,0.0593601607,0.0476360671,0.0352136001,0.025958373,0.0221894655,0.0217187796,0.02095185,0.0193374936,0.0180168245,0.0175952025,0.0175927188,0.0180667661,0.0187101804,0.0189255197,0.0184446611,0.0177098718,0.0165642388]"
DB,panolam,S423 Fresh Cut Grass,#346746,0.46834369459931396,0.07812679310306206,153.7466280916085,,,Solid Laminates,,,,,,D65,10,M1,2026-07-02T17:20:02.953Z,Nix Spectro L,3.23266588e-2,3.98624063e-2,4.51362967e-2,4.90497373e-2,5.30022748e-2,5.81770338e-2,6.57330364e-2,7.51117766e-2,8.85307387e-2,1.10784891e-1,1.38107738e-1,1.59647983e-1,1.66838455e-1,1.63620105e-1,1.50658053e-1,1.27279368e-1,1.00151534e-1,7.81133920e-2,6.56029269e-2,6.04899317e-2,5.93697473e-2,6.41350403e-2,7.30494097e-2,7.93542713e-2,8.32204655e-2,8.72474328e-2,9.02738541e-2,9.03091043e-2,8.66645157e-2,8.26634765e-2,7.79858321e-2,"[0.0323266588,0.0398624063,0.0451362967,0.0490497373,0.0530022748,0.0581770338,0.0657330364,0.0751117766,0.0885307387,0.110784891,0.138107738,0.159647983,0.166838455,0.163620105,0.150658053,0.127279368,0.100151534,0.078113392,0.0656029269,0.0604899317,0.0593697473,0.0641350403,0.0730494097,0.0793542713,0.0832204655,0.0872474328,0.0902738541,0.0903091043,0.0866645157,0.0826634765,0.0779858321]"
DB,panolam,W45D Tranquility Satin,#d6d3cc,0.866519228170999,0.010236073679431362,89.84243416260534,,,Textured Laminates,,,,,,D65,10,M1,2026-07-02T17:21:46.232Z,Nix Spectro L,4.49128258e-1,5.26524198e-1,5.72872245e-1,5.92743504e-1,6.02407205e-1,6.10945523e-1,6.17542636e-1,6.20689332e-1,6.24110806e-1,6.29421282e-1,6.36636388e-1,6.41802847e-1,6.44778836e-1,6.46165955e-1,6.46981716e-1,6.45988381e-1,6.48349237e-1,6.54962695e-1,6.60919607e-1,6.64266860e-1,6.64280951e-1,6.64240241e-1,6.66031563e-1,6.66440928e-1,6.66106403e-1,6.69600654e-1,6.70771635e-1,6.72066462e-1,6.73569918e-1,6.75298464e-1,6.76638234e-1,"[0.449128258,0.526524198,0.572872245,0.592743504,0.602407205,0.610945523,0.617542636,0.620689332,0.624110806,0.629421282,0.636636388,0.641802847,0.644778836,0.646165955,0.646981716,0.645988381,0.648349237,0.654962695,0.660919607,0.66426686,0.664280951,0.664240241,0.666031563,0.666440928,0.666106403,0.669600654,0.670771635,0.672066462,0.673569918,0.675298464,0.676638234]"
DB,panolam,W13D Simplicity Wood Essence,#d2cec4,0.851779712570928,0.014206037570254034,90.23596673020717,,,Textured Laminates,,,,,,D65,10,M1,2026-07-02T17:23:05.074Z,Nix Spectro L,4.40525526e-1,5.03329688e-1,5.33996582e-1,5.45990121e-1,5.50969052e-1,5.57445216e-1,5.65140367e-1,5.72428203e-1,5.82927132e-1,5.97168624e-1,6.09009123e-1,6.12371063e-1,6.12566280e-1,6.11540663e-1,6.10756564e-1,6.09312570e-1,6.12475288e-1,6.21000278e-1,6.29611850e-1,6.36979604e-1,6.39874923e-1,6.39851749e-1,6.39885151e-1,6.38820910e-1,6.37203431e-1,6.39077628e-1,6.38663435e-1,6.38564968e-1,6.39078248e-1,6.40008640e-1,6.40817595e-1,"[0.440525526,0.503329688,0.533996582,0.545990121,0.550969052,0.557445216,0.565140367,0.572428203,0.582927132,0.597168624,0.609009123,0.612371063,0.61256628,0.611540663,0.610756564,0.60931257,0.612475288,0.621000278,0.62961185,0.636979604,0.639874923,0.639851749,0.639885151,0.63882091,0.637203431,0.639077628,0.638663435,0.638564968,0.639078248,0.64000864,0.640817595]"
DB,panolam,W47D Rugged Trail Wood Essence,#534d46,0.4245214569419021,0.013738743146901001,71.83379227612858,,,Textured Laminates,,,,,,D65,10,M1,2026-07-02T17:24:08.275Z,Nix Spectro L,6.87620632e-2,7.07069531e-2,6.65703312e-2,6.36998713e-2,6.14776999e-2,6.05175592e-2,6.09905109e-2,6.28303625e-2,6.65378667e-2,7.16969974e-2,7.53964186e-2,7.55482763e-2,7.46025801e-2,7.34633781e-2,7.26182833e-2,7.21140690e-2,7.27259696e-2,7.48817496e-2,7.81106859e-2,8.24949116e-2,8.54811952e-2,8.62041593e-2,8.58204708e-2,8.53976920e-2,8.52007717e-2,8.56142357e-2,8.57714996e-2,8.59694988e-2,8.62109095e-2,8.65067765e-2,8.67095098e-2,"[0.0687620632,0.0707069531,0.0665703312,0.0636998713,0.0614776999,0.0605175592,0.0609905109,0.0628303625,0.0665378667,0.0716969974,0.0753964186,0.0755482763,0.0746025801,0.0734633781,0.0726182833,0.072114069,0.0727259696,0.0748817496,0.0781106859,0.0824949116,0.0854811952,0.0862041593,0.0858204708,0.085397692,0.0852007717,0.0856142357,0.0857714996,0.0859694988,0.0862109095,0.0865067765,0.0867095098]"
DB,panolam,W163 Looks Likatre Satin,#a89e94,0.7050427927572919,0.018822525481939897,67.75385450389581,,,Textured Laminates,,,,,,D65,10,M1,2026-07-02T17:25:14.447Z,Nix Spectro L,2.87563312e-1,3.09433752e-1,3.06895041e-1,3.01727176e-1,2.95485413e-1,2.93420291e-1,2.95873952e-1,3.01624429e-1,3.12833363e-1,3.29080290e-1,3.41535276e-1,3.42952937e-1,3.40609908e-1,3.37509507e-1,3.35474348e-1,3.34117872e-1,3.36603069e-1,3.44737077e-1,3.57000220e-1,3.73501319e-1,3.84844655e-1,3.88239491e-1,3.87851280e-1,3.86824542e-1,3.86313951e-1,3.88597453e-1,3.89621031e-1,3.90676516e-1,3.91950798e-1,3.93442243e-1,3.94647157e-1,"[0.287563312,0.309433752,0.306895041,0.301727176,0.295485413,0.293420291,0.295873952,0.301624429,0.312833363,0.32908029,0.341535276,0.342952937,0.340609908,0.337509507,0.335474348,0.334117872,0.336603069,0.344737077,0.35700022,0.373501319,0.384844655,0.388239491,0.38785128,0.386824542,0.386313951,0.388597453,0.389621031,0.390676516,0.391950798,0.393442243,0.394647157]"
DB,panolam,W221 Leave Likatre Timberline,#d8cdbd,0.8535701111258918,0.02574533278218343,80.17328003665307,,,Textured Laminates,,,,,,D65,10,M1,2026-07-02T17:28:38.888Z,Nix Spectro L,5.04314321e-1,5.37132609e-1,5.26539087e-1,5.14917350e-1,5.02980798e-1,5.00137031e-1,5.07419622e-1,5.22303599e-1,5.48630762e-1,5.85081887e-1,6.11535108e-1,6.14371419e-1,6.09997356e-1,6.04135716e-1,6.00012493e-1,5.97330630e-1,6.02121985e-1,6.16514003e-1,6.36001253e-1,6.60767221e-1,6.77257192e-1,6.81509590e-1,6.80074143e-1,6.77513170e-1,6.75421524e-1,6.77697003e-1,6.77633202e-1,6.77971148e-1,6.79279816e-1,6.81196666e-1,6.82995760e-1,"[0.504314321,0.537132609,0.526539087,0.51491735,0.502980798,0.500137031,0.507419622,0.522303599,0.548630762,0.585081887,0.611535108,0.614371419,0.609997356,0.604135716,0.600012493,0.59733063,0.602121985,0.616514003,0.636001253,0.660767221,0.677257192,0.68150959,0.680074143,0.67751317,0.675421524,0.677697003,0.677633202,0.677971148,0.679279816,0.681196666,0.68299576]"
DB,panolam,W50D Outer Limits Wood Essence,#a7a098,0.7087370949212242,0.014012207116215812,71.16767127506262,,,Textured Laminates,,,,,,D65,10,M1,2026-07-02T17:29:57.386Z,Nix Spectro L,2.40895045e-1,2.78726575e-1,2.99006814e-1,3.07773685e-1,3.12329996e-1,3.17076850e-1,3.21954960e-1,3.26313227e-1,3.32319599e-1,3.40503103e-1,3.47305423e-1,3.48970973e-1,3.48588675e-1,3.47578174e-1,3.46724540e-1,3.45620579e-1,3.47747332e-1,3.53657722e-1,3.59950978e-1,3.66925269e-1,3.72668076e-1,3.78724480e-1,3.85330600e-1,3.89038908e-1,3.91288817e-1,3.95519507e-1,3.97844350e-1,3.99295825e-1,3.99815279e-1,4.00374454e-1,4.00591946e-1,"[0.240895045,0.278726575,0.299006814,0.307773685,0.312329996,0.31707685,0.32195496,0.326313227,0.332319599,0.340503103,0.347305423,0.348970973,0.348588675,0.347578174,0.34672454,0.345620579,0.347747332,0.353657722,0.359950978,0.366925269,0.372668076,0.37872448,0.3853306,0.389038908,0.391288817,0.395519507,0.39784435,0.399295825,0.399815279,0.400374454,0.400591946]"
DB,panolam,W155 Trytoo Savatre Satin,#4d4842,0.4041211373163711,0.011280444407097915,69.66535368229142,,,Textured Laminates,,,,,,D65,10,M1,2026-07-02T17:31:11.017Z,Nix Spectro L,5.99795125e-2,6.20273143e-2,5.88857792e-2,5.66092297e-2,5.48050635e-2,5.40068656e-2,5.43716162e-2,5.58378644e-2,5.88207170e-2,6.29370458e-2,6.57749929e-2,6.56025596e-2,6.45829402e-2,6.34876408e-2,6.27174146e-2,6.22873306e-2,6.28305472e-2,6.46427177e-2,6.72207497e-2,7.05694921e-2,7.28451476e-2,7.34653503e-2,7.33021483e-2,7.30847120e-2,7.30439901e-2,7.35351846e-2,7.37969071e-2,7.40535930e-2,7.43046299e-2,7.45920464e-2,7.47785464e-2,"[0.0599795125,0.0620273143,0.0588857792,0.0566092297,0.0548050635,0.0540068656,0.0543716162,0.0558378644,0.058820717,0.0629370458,0.0657749929,0.0656025596,0.0645829402,0.0634876408,0.0627174146,0.0622873306,0.0628305472,0.0646427177,0.0672207497,0.0705694921,0.0728451476,0.0734653503,0.0733021483,0.073084712,0.0730439901,0.0735351846,0.0737969071,0.074053593,0.0743046299,0.0745920464,0.0747785464]"
DB,panolam,W129 Earl Grey Sorbet Wood Essence,#7e766c,0.5711792764492463,0.017788943833609263,74.87751515405148,,,Textured Laminates,,,,,,D65,10,M1,2026-07-02T17:32:20.605Z,Nix Spectro L,1.63274845e-1,1.68401960e-1,1.58944899e-1,1.52395651e-1,1.47193706e-1,1.45897368e-1,1.49220073e-1,1.56467128e-1,1.68892136e-1,1.85286856e-1,1.94743118e-1,1.91262522e-1,1.84890190e-1,1.79009911e-1,1.75020465e-1,1.72615895e-1,1.73817715e-1,1.79581916e-1,1.87977338e-1,1.99176076e-1,2.07217461e-1,2.10061628e-1,2.10244384e-1,2.09935939e-1,2.09996483e-1,2.11652738e-1,2.12641671e-1,2.13634339e-1,2.14683083e-1,2.15840369e-1,2.16778284e-1,"[0.163274845,0.16840196,0.158944899,0.152395651,0.147193706,0.145897368,0.149220073,0.156467128,0.168892136,0.185286856,0.194743118,0.191262522,0.18489019,0.179009911,0.175020465,0.172615895,0.173817715,0.179581916,0.187977338,0.199176076,0.207217461,0.210061628,0.210244384,0.209935939,0.209996483,0.211652738,0.212641671,0.213634339,0.214683083,0.215840369,0.216778284]"
DB,panolam,W304 Giant Gray Bamboo Satin,#3b3632,0.3359347667048279,0.009509807615713302,61.945255778114245,,,Textured Laminates,,,,,,D65,10,M1,2026-07-02T17:33:40.343Z,Nix Spectro L,3.22892565e-2,3.40670563e-2,3.31485737e-2,3.23799226e-2,3.18189714e-2,3.15719157e-2,3.17539040e-2,3.24288920e-2,3.38654879e-2,3.59193958e-2,3.75349805e-2,3.76890436e-2,3.72242749e-2,3.65901813e-2,3.59878182e-2,3.54443125e-2,3.54474023e-2,3.63248758e-2,3.79683450e-2,4.04247962e-2,4.22213852e-2,4.28953402e-2,4.30148654e-2,4.30667385e-2,4.32787813e-2,4.38825861e-2,4.44137938e-2,4.49830309e-2,4.55129594e-2,4.60096836e-2,4.63532016e-2,"[0.0322892565,0.0340670563,0.0331485737,0.0323799226,0.0318189714,0.0315719157,0.031753904,0.032428892,0.0338654879,0.0359193958,0.0375349805,0.0376890436,0.0372242749,0.0365901813,0.0359878182,0.0354443125,0.0354474023,0.0363248758,0.037968345,0.0404247962,0.0422213852,0.0428953402,0.0430148654,0.0430667385,0.0432787813,0.0438825861,0.0444137938,0.0449830309,0.0455129594,0.0460096836,0.0463532016]"
DB,panolam,W186 Tailgating Satin,#8d7a69,0.5927793731586214,0.03414242534339174,65.7064884903283,,,Textured Laminates,,,,,,D65,10,M1,2026-07-02T17:35:19.656Z,Nix Spectro L,1.40239461e-1,1.48767051e-1,1.44404468e-1,1.41093986e-1,1.38655990e-1,1.39486811e-1,1.44394824e-1,1.52834120e-1,1.66422793e-1,1.84684804e-1,1.96867934e-1,1.96577004e-1,1.92928070e-1,1.89206573e-1,1.86710685e-1,1.85907724e-1,1.90302810e-1,2.00916842e-1,2.16028342e-1,2.37537351e-1,2.53365821e-1,2.59113893e-1,2.59449205e-1,2.58633041e-1,2.57973322e-1,2.59157878e-1,2.59631607e-1,2.60348484e-1,2.61241707e-1,2.62239867e-1,2.62983385e-1,"[0.140239461,0.148767051,0.144404468,0.141093986,0.13865599,0.139486811,0.144394824,0.15283412,0.166422793,0.184684804,0.196867934,0.196577004,0.19292807,0.189206573,0.186710685,0.185907724,0.19030281,0.200916842,0.216028342,0.237537351,0.253365821,0.259113893,0.259449205,0.258633041,0.257973322,0.259157878,0.259631607,0.260348484,0.261241707,0.262239867,0.262983385]"
DB,panolam,W173 Afternoon Nap Satin,#87837d,0.6122491482919371,0.010689971078933895,82.29432050876665,,,Textured Laminates,,,,,,D65,10,M1,2026-07-02T17:36:14.360Z,Nix Spectro L,1.78973210e-1,1.98209766e-1,2.03591755e-1,2.04541516e-1,2.03843370e-1,2.04498708e-1,2.06553942e-1,2.09472936e-1,2.14598736e-1,2.21740606e-1,2.27230465e-1,2.27848166e-1,2.26923683e-1,2.25671735e-1,2.24885869e-1,2.24280214e-1,2.25716603e-1,2.29590023e-1,2.33729547e-1,2.37548506e-1,2.39578602e-1,2.40280375e-1,2.40826976e-1,2.40933239e-1,2.41030777e-1,2.42671710e-1,2.43477944e-1,2.44228771e-1,2.44956613e-1,2.45782533e-1,2.46408147e-1,"[0.17897321,0.198209766,0.203591755,0.204541516,0.20384337,0.204498708,0.206553942,0.209472936,0.214598736,0.221740606,0.227230465,0.227848166,0.226923683,0.225671735,0.224885869,0.224280214,0.225716603,0.229590023,0.233729547,0.237548506,0.239578602,0.240280375,0.240826976,0.240933239,0.241030777,0.24267171,0.243477944,0.244228771,0.244956613,0.245782533,0.246408147]"
DB,panolam,W148 Walnut Grove Timberline,#645246,0.45417101072942634,0.03099084026611889,55.6820721988239,,,Textured Laminates,,,,,,D65,10,M1,2026-07-02T17:37:28.512Z,Nix Spectro L,7.36178942e-2,7.50468671e-2,6.92922607e-2,6.55178413e-2,6.27015747e-2,6.13611884e-2,6.17146410e-2,6.37676165e-2,6.80717885e-2,7.40861535e-2,7.85852790e-2,7.95766175e-2,7.99745411e-2,8.04230705e-2,8.14160153e-2,8.35381553e-2,8.78222719e-2,9.39470440e-2,1.00723478e-1,1.09406227e-1,1.16258259e-1,1.20004106e-1,1.21852681e-1,1.22586463e-1,1.23057315e-1,1.24182990e-1,1.24694572e-1,1.25037116e-1,1.25228459e-1,1.25500308e-1,1.25699271e-1,"[0.0736178942,0.0750468671,0.0692922607,0.0655178413,0.0627015747,0.0613611884,0.061714641,0.0637676165,0.0680717885,0.0740861535,0.078585279,0.0795766175,0.0799745411,0.0804230705,0.0814160153,0.0835381553,0.0878222719,0.093947044,0.100723478,0.109406227,0.116258259,0.120004106,0.121852681,0.122586463,0.123057315,0.12418299,0.124694572,0.125037116,0.125228459,0.125500308,0.125699271]"
DB,panolam,W190 Gunstock Walnut Satin,#52382b,0.36685613992028293,0.04248333605605555,47.719189579949045,,,Textured Laminates,,,,,,D65,10,M1,2026-07-02T17:39:39.846Z,Nix Spectro L,2.14929055e-2,2.46812083e-2,2.55306657e-2,2.58041043e-2,2.60688987e-2,2.62847476e-2,2.66172279e-2,2.72843596e-2,2.86933262e-2,3.09611037e-2,3.32240291e-2,3.44545715e-2,3.53343643e-2,3.61961409e-2,3.72310039e-2,3.90084296e-2,4.26299937e-2,4.81292255e-2,5.51934026e-2,6.50817052e-2,7.26147488e-2,7.58822165e-2,7.67399609e-2,7.69807748e-2,7.73652598e-2,7.85012789e-2,7.95754686e-2,8.08047399e-2,8.19594130e-2,8.30184236e-2,8.37925702e-2,"[0.0214929055,0.0246812083,0.0255306657,0.0258041043,0.0260688987,0.0262847476,0.0266172279,0.0272843596,0.0286933262,0.0309611037,0.0332240291,0.0344545715,0.0353343643,0.0361961409,0.0372310039,0.0390084296,0.0426299937,0.0481292255,0.0551934026,0.0650817052,0.0726147488,0.0758822165,0.0767399609,0.0769807748,0.0773652598,0.0785012789,0.0795754686,0.0808047399,0.081959413,0.0830184236,0.0837925702]"
DB,panolam,W305 A Good Book Wood Essence,#6f523e,0.46482810267798025,0.05002687862732035,55.54467951113651,,,Textured Laminates,,,,,,D65,10,M1,2026-07-02T17:40:53.156Z,Nix Spectro L,3.84735733e-2,4.55480486e-2,4.85671446e-2,5.00890039e-2,5.13832502e-2,5.25989957e-2,5.39548352e-2,5.57697043e-2,5.87603934e-2,6.30852126e-2,6.73319839e-2,7.04266950e-2,7.35468172e-2,7.66992591e-2,8.00341047e-2,8.48673776e-2,9.31589469e-2,1.03862849e-1,1.14887565e-1,1.28404619e-1,1.38643518e-1,1.43805216e-1,1.46108681e-1,1.47021788e-1,1.47742394e-1,1.49579899e-1,1.51154606e-1,1.53006852e-1,1.54768991e-1,1.56427331e-1,1.57727510e-1,"[0.0384735733,0.0455480486,0.0485671446,0.0500890039,0.0513832502,0.0525989957,0.0539548352,0.0557697043,0.0587603934,0.0630852126,0.0673319839,0.070426695,0.0735468172,0.0766992591,0.0800341047,0.0848673776,0.0931589469,0.103862849,0.114887565,0.128404619,0.138643518,0.143805216,0.146108681,0.147021788,0.147742394,0.149579899,0.151154606,0.153006852,0.154768991,0.156427331,0.15772751]"
DB,panolam,W187 Coastal Cottage Wood Essence,#dcd6ca,0.8771278201424217,0.017086661941617263,84.87695778813327,,,Textured Laminates,,,,,,D65,10,M1,2026-07-02T17:41:51.587Z,Nix Spectro L,4.31467563e-1,5.09174544e-1,5.57634115e-1,5.80177081e-1,5.92949271e-1,6.04141128e-1,6.13081181e-1,6.18769383e-1,6.25177526e-1,6.33799803e-1,6.43725550e-1,6.51550198e-1,6.57722163e-1,6.62169230e-1,6.65618002e-1,6.67995644e-1,6.75464594e-1,6.87265098e-1,6.95902538e-1,7.00424349e-1,7.00778127e-1,7.00850201e-1,7.02710664e-1,7.02785134e-1,7.01707315e-1,7.04295945e-1,7.04570031e-1,7.05501866e-1,7.06970572e-1,7.08717823e-1,7.10182798e-1,"[0.431467563,0.509174544,0.557634115,0.580177081,0.592949271,0.604141128,0.613081181,0.618769383,0.625177526,0.633799803,0.64372555,0.651550198,0.657722163,0.66216923,0.665618002,0.667995644,0.675464594,0.687265098,0.695902538,0.700424349,0.700778127,0.700850201,0.702710664,0.702785134,0.701707315,0.704295945,0.704570031,0.705501866,0.706970572,0.708717823,0.710182798]"
DB,panolam,W192 Sleeping In Timberline,#7a726b,0.5560141321134168,0.014242501907628716,62.526221159836155,,,Textured Laminates,,,,,,D65,10,M1,2026-07-02T17:43:09.930Z,Nix Spectro L,1.25040658e-1,1.40044919e-1,1.44902003e-1,1.46252251e-1,1.46309718e-1,1.47096014e-1,1.48905280e-1,1.51541713e-1,1.56409115e-1,1.64292243e-1,1.71158147e-1,1.72153863e-1,1.69853047e-1,1.66710919e-1,1.63730949e-1,1.60566422e-1,1.59859464e-1,1.63945496e-1,1.72288123e-1,1.84387794e-1,1.92208141e-1,1.93734863e-1,1.92822438e-1,1.92127213e-1,1.92034212e-1,1.93838894e-1,1.95383814e-1,1.96447110e-1,1.96644002e-1,1.96744627e-1,1.96304524e-1,"[0.125040658,0.140044919,0.144902003,0.146252251,0.146309718,0.147096014,0.14890528,0.151541713,0.156409115,0.164292243,0.171158147,0.172153863,0.169853047,0.166710919,0.163730949,0.160566422,0.159859464,0.163945496,0.172288123,0.184387794,0.192208141,0.193734863,0.192822438,0.192127213,0.192034212,0.193838894,0.195383814,0.19644711,0.196644002,0.196744627,0.196304524]"
DB,panolam,W131 Picnic in the Park Super Matte,#cab8a1,0.7917273053314746,0.03718936531386932,74.8276155138256,,,Textured Laminates,,,,,,D65,10,M1,2026-07-02T17:44:23.763Z,Nix Spectro L,3.72813231e-1,3.88882399e-1,3.71510023e-1,3.59439003e-1,3.50024551e-1,3.49976569e-1,3.61098808e-1,3.81480414e-1,4.14511162e-1,4.57914108e-1,4.85422862e-1,4.83263379e-1,4.74426866e-1,4.65822488e-1,4.60442907e-1,4.58936834e-1,4.67795050e-1,4.87812489e-1,5.13272101e-1,5.46970600e-1,5.71399117e-1,5.80300492e-1,5.80827802e-1,5.79002988e-1,5.77093005e-1,5.78633535e-1,5.78120977e-1,5.78299075e-1,5.79562831e-1,5.81372839e-1,5.83162040e-1,"[0.372813231,0.388882399,0.371510023,0.359439003,0.350024551,0.349976569,0.361098808,0.381480414,0.414511162,0.457914108,0.485422862,0.483263379,0.474426866,0.465822488,0.460442907,0.458936834,0.46779505,0.487812489,0.513272101,0.5469706,0.571399117,0.580300492,0.580827802,0.579002988,0.577093005,0.578633535,0.578120977,0.578299075,0.579562831,0.581372839,0.58316204]"
DB,panolam,W193 Cool Autumn Night Timberline,#685649,0.46859910911428154,0.03156101510101356,59.14350117992922,,,Textured Laminates,,,,,,D65,10,M1,2026-07-02T17:45:26.894Z,Nix Spectro L,5.83073393e-2,6.51232056e-2,6.67698786e-2,6.73056975e-2,6.76985316e-2,6.85251072e-2,6.99620537e-2,7.21126020e-2,7.57838234e-2,8.11888903e-2,8.61991003e-2,8.86905134e-2,8.99364352e-2,9.06344876e-2,9.11666781e-2,9.21063736e-2,9.52848464e-2,1.01115385e-1,1.09037860e-1,1.20315455e-1,1.28682643e-1,1.32069635e-1,1.32792807e-1,1.32749943e-1,1.32705379e-1,1.33599178e-1,1.34169437e-1,1.34866168e-1,1.35507818e-1,1.36133455e-1,1.36534493e-1,"[0.0583073393,0.0651232056,0.0667698786,0.0673056975,0.0676985316,0.0685251072,0.0699620537,0.072112602,0.0757838234,0.0811888903,0.0861991003,0.0886905134,0.0899364352,0.0906344876,0.0911666781,0.0921063736,0.0952848464,0.101115385,0.10903786,0.120315455,0.128682643,0.132069635,0.132792807,0.132749943,0.132705379,0.133599178,0.134169437,0.134866168,0.135507818,0.136133455,0.136534493]"
DB,panolam,W171 Catching Fireflies Satin,#b19a7c,0.6984050369417681,0.05028667595184072,73.3668892252798,,,Textured Laminates,,,,,,D65,10,M1,2026-07-02T17:46:23.353Z,Nix Spectro L,2.36598879e-1,2.38193399e-1,2.16084805e-1,2.02876320e-1,1.93921959e-1,1.93507937e-1,2.03638336e-1,2.22906312e-1,2.53930464e-1,2.94837922e-1,3.21333104e-1,3.21043313e-1,3.14429063e-1,3.07734835e-1,3.03405005e-1,3.02858955e-1,3.12146360e-1,3.31736207e-1,3.57031560e-1,3.91966480e-1,4.18585205e-1,4.29924101e-1,4.32446587e-1,4.32135910e-1,4.31661540e-1,4.34033805e-1,4.35044390e-1,4.36793894e-1,4.39349627e-1,4.42179966e-1,4.44763047e-1,"[0.236598879,0.238193399,0.216084805,0.20287632,0.193921959,0.193507937,0.203638336,0.222906312,0.253930464,0.294837922,0.321333104,0.321043313,0.314429063,0.307734835,0.303405005,0.302858955,0.31214636,0.331736207,0.35703156,0.39196648,0.418585205,0.429924101,0.432446587,0.43213591,0.43166154,0.434033805,0.43504439,0.436793894,0.439349627,0.442179966,0.444763047]"
DB,panolam,W61D Weathered Storm Timberline,#a89a89,0.6928587506649878,0.029276620846395707,72.10887330184437,,,Textured Laminates,,,,,,D65,10,M1,2026-07-02T17:47:29.566Z,Nix Spectro L,1.83065677e-1,2.17330384e-1,2.37366658e-1,2.46673831e-1,2.52041906e-1,2.56951937e-1,2.61785191e-1,2.66388413e-1,2.73552516e-1,2.86050889e-1,3.00749817e-1,3.10663682e-1,3.15194356e-1,3.16755629e-1,3.16454133e-1,3.15089992e-1,3.18875489e-1,3.30485290e-1,3.47204357e-1,3.68769729e-1,3.81345522e-1,3.82032800e-1,3.78606319e-1,3.75856382e-1,3.73943496e-1,3.75454426e-1,3.76823407e-1,3.78051168e-1,3.78229547e-1,3.78271335e-1,3.77427232e-1,"[0.183065677,0.217330384,0.237366658,0.246673831,0.252041906,0.256951937,0.261785191,0.266388413,0.273552516,0.286050889,0.300749817,0.310663682,0.315194356,0.316755629,0.316454133,0.315089992,0.318875489,0.33048529,0.347204357,0.368769729,0.381345522,0.3820328,0.378606319,0.375856382,0.373943496,0.375454426,0.376823407,0.378051168,0.378229547,0.378271335,0.377427232]"
DB,panolam,W372 Mahogany Satin,#623425,0.37961166118261896,0.07048135206780252,38.75603456078528,,,Textured Laminates,,,,,,D65,10,M1,2026-07-02T17:48:31.299Z,Nix Spectro L,1.44743059e-2,1.94660999e-2,2.19630759e-2,2.26218343e-2,2.27212083e-2,2.23898102e-2,2.17124917e-2,2.09733583e-2,2.07615353e-2,2.18277287e-2,2.45146647e-2,2.72205360e-2,2.90423092e-2,3.05144798e-2,3.20081573e-2,3.41851883e-2,3.86687420e-2,4.67623621e-2,6.03967115e-2,8.23654860e-2,9.98856261e-2,1.07904276e-1,1.10179393e-1,1.11006825e-1,1.12160702e-1,1.14655508e-1,1.17052555e-1,1.19574587e-1,1.21846007e-1,1.23875260e-1,1.25362177e-1,"[0.0144743059,0.0194660999,0.0219630759,0.0226218343,0.0227212083,0.0223898102,0.0217124917,0.0209733583,0.0207615353,0.0218277287,0.0245146647,0.027220536,0.0290423092,0.0305144798,0.0320081573,0.0341851883,0.038668742,0.0467623621,0.0603967115,0.082365486,0.0998856261,0.107904276,0.110179393,0.111006825,0.112160702,0.114655508,0.117052555,0.119574587,0.121846007,0.12387526,0.125362177]"
DB,panolam,W285 Knotty Pine Satin,#d7b47d,0.7885180354491886,0.08215266109410353,78.32826273358,,,Textured Laminates,,,,,,D65,10,M1,2026-07-02T17:49:45.344Z,Nix Spectro L,3.08318782e-1,2.89225054e-1,2.34232488e-1,2.04652908e-1,1.86925685e-1,1.87343240e-1,2.10805824e-1,2.54597944e-1,3.23204362e-1,4.12586796e-1,4.68510318e-1,4.65509868e-1,4.48600966e-1,4.31713963e-1,4.19483429e-1,4.15104270e-1,4.30629253e-1,4.67073035e-1,5.15761364e-1,5.85277426e-1,6.39659023e-1,6.63967228e-1,6.70160198e-1,6.70614767e-1,6.71073496e-1,6.76613855e-1,6.80677366e-1,6.87030458e-1,6.95352733e-1,7.03864717e-1,7.11600804e-1,"[0.308318782,0.289225054,0.234232488,0.204652908,0.186925685,0.18734324,0.210805824,0.254597944,0.323204362,0.412586796,0.468510318,0.465509868,0.448600966,0.431713963,0.419483429,0.41510427,0.430629253,0.467073035,0.515761364,0.585277426,0.639659023,0.663967228,0.670160198,0.670614767,0.671073496,0.676613855,0.680677366,0.687030458,0.695352733,0.703864717,0.711600804]"
DB,panolam,W156 Grand Cherry Satin,#88513a,0.49376199157640904,0.08138678914700426,43.79622820143095,,,Textured Laminates,,,,,,D65,10,M1,2026-07-02T17:50:40.671Z,Nix Spectro L,2.60172825e-2,3.72853711e-2,4.43406716e-2,4.74324353e-2,4.93025854e-2,5.03537163e-2,5.07780999e-2,5.10846682e-2,5.23853399e-2,5.56911387e-2,6.01974308e-2,6.37633070e-2,6.70610294e-2,7.07640469e-2,7.53927216e-2,8.26496005e-2,9.56667438e-2,1.14872855e-1,1.40744391e-1,1.78037828e-1,2.06346288e-1,2.17723283e-1,2.19412208e-1,2.19254237e-1,2.19809040e-1,2.22811121e-1,2.25849947e-1,2.29581964e-1,2.33301505e-1,2.36705750e-1,2.39299843e-1,"[0.0260172825,0.0372853711,0.0443406716,0.0474324353,0.0493025854,0.0503537163,0.0507780999,0.0510846682,0.0523853399,0.0556911387,0.0601974308,0.063763307,0.0670610294,0.0707640469,0.0753927216,0.0826496005,0.0956667438,0.114872855,0.140744391,0.178037828,0.206346288,0.217723283,0.219412208,0.219254237,0.21980904,0.222811121,0.225849947,0.229581964,0.233301505,0.23670575,0.239299843]"
DB,panolam,PN46 Hardrock Maple Satin,#d3ae83,0.7737059885758422,0.07221935939698086,71.16904016046703,,,Textured Laminates,,,,,,D65,10,M1,2026-07-02T17:51:42.945Z,Nix Spectro L,2.22949138e-1,2.48489439e-1,2.50787747e-1,2.48320785e-1,2.44354519e-1,2.43335661e-1,2.45516270e-1,2.50428343e-1,2.62029785e-1,2.85505420e-1,3.23095536e-1,3.64891946e-1,3.96625781e-1,4.17271227e-1,4.28051412e-1,4.33625138e-1,4.44187731e-1,4.64014685e-1,4.96179920e-1,5.48103607e-1,5.88375568e-1,6.06786156e-1,6.13000500e-1,6.14060366e-1,6.13771665e-1,6.17346346e-1,6.18972659e-1,6.20831060e-1,6.22387314e-1,6.24013364e-1,6.24991202e-1,"[0.222949138,0.248489439,0.250787747,0.248320785,0.244354519,0.243335661,0.24551627,0.250428343,0.262029785,0.28550542,0.323095536,0.364891946,0.396625781,0.417271227,0.428051412,0.433625138,0.444187731,0.464014685,0.49617992,0.548103607,0.588375568,0.606786156,0.6130005,0.614060366,0.613771665,0.617346346,0.618972659,0.62083106,0.622387314,0.624013364,0.624991202]"
DB,panolam,W41P HO Sovereign Cherry Satin,#844727,0.4659757202714812,0.09402060801354412,47.28850629206636,,,Textured Laminates,,,,,,D65,10,M1,2026-07-02T17:52:46.090Z,Nix Spectro L,1.62050838e-2,2.40680791e-2,2.78764591e-2,2.88549516e-2,2.89511692e-2,2.85231546e-2,2.76783649e-2,2.68106807e-2,2.70841494e-2,3.04110032e-2,3.80088359e-2,4.66830090e-2,5.30096620e-2,5.76115191e-2,6.10898636e-2,6.49768062e-2,7.27422968e-2,8.70068118e-2,1.11764793e-1,1.52888310e-1,1.86360911e-1,2.02915901e-1,2.09005794e-1,2.11404440e-1,2.13426068e-1,2.17338580e-1,2.20493549e-1,2.23234046e-1,2.25092760e-1,2.26669213e-1,2.27561480e-1,"[0.0162050838,0.0240680791,0.0278764591,0.0288549516,0.0289511692,0.0285231546,0.0276783649,0.0268106807,0.0270841494,0.0304110032,0.0380088359,0.046683009,0.053009662,0.0576115191,0.0610898636,0.0649768062,0.0727422968,0.0870068118,0.111764793,0.15288831,0.186360911,0.202915901,0.209005794,0.21140444,0.213426068,0.21733858,0.220493549,0.223234046,0.22509276,0.226669213,0.22756148]"
DB,panolam,W689 Backwoods Sycamore Satin,#a77146,0.5967026810534769,0.09018213910437953,58.36815847481239,,,Textured Laminates,,,,,,D65,10,M1,2026-07-02T17:53:47.772Z,Nix Spectro L,3.93115923e-2,5.50951891e-2,6.44194268e-2,6.89074785e-2,7.21646860e-2,7.50468150e-2,7.79893368e-2,8.14828500e-2,8.75871688e-2,9.87620786e-2,1.14036956e-1,1.29114714e-1,1.41361618e-1,1.51026058e-1,1.58639252e-1,1.67535916e-1,1.83957124e-1,2.08757678e-1,2.42438105e-1,2.92415923e-1,3.31080782e-1,3.48266739e-1,3.53029734e-1,3.53852928e-1,3.54249614e-1,3.57443154e-1,3.59984648e-1,3.63122588e-1,3.66070485e-1,3.68785197e-1,3.70718569e-1,"[0.0393115923,0.0550951891,0.0644194268,0.0689074785,0.072164686,0.075046815,0.0779893368,0.08148285,0.0875871688,0.0987620786,0.114036956,0.129114714,0.141361618,0.151026058,0.158639252,0.167535916,0.183957124,0.208757678,0.242438105,0.292415923,0.331080782,0.348266739,0.353029734,0.353852928,0.354249614,0.357443154,0.359984648,0.363122588,0.366070485,0.368785197,0.370718569]"
DB,panolam,W256 Country Maple Satin,#dbbd94,0.813766009731931,0.06418686844558785,75.72941908466396,,,Textured Laminates,,,,,,D65,10,M1,2026-07-02T17:54:48.833Z,Nix Spectro L,3.12186933e-1,3.27268124e-1,3.11852664e-1,3.02204692e-1,2.95923734e-1,2.98426908e-1,3.11867690e-1,3.34920526e-1,3.71448255e-1,4.20428991e-1,4.57800454e-1,4.70742446e-1,4.77439314e-1,4.82059091e-1,4.86775374e-1,4.95928007e-1,5.19046676e-1,5.53092742e-1,5.87538040e-1,6.28135478e-1,6.57038856e-1,6.68522680e-1,6.70840943e-1,6.69431543e-1,6.67054284e-1,6.68494105e-1,6.68106627e-1,6.69355273e-1,6.72085941e-1,6.75324702e-1,6.78412902e-1,"[0.312186933,0.327268124,0.311852664,0.302204692,0.295923734,0.298426908,0.31186769,0.334920526,0.371448255,0.420428991,0.457800454,0.470742446,0.477439314,0.482059091,0.486775374,0.495928007,0.519046676,0.553092742,0.58753804,0.628135478,0.657038856,0.66852268,0.670840943,0.669431543,0.667054284,0.668494105,0.668106627,0.669355273,0.672085941,0.675324702,0.678412902]"
DB,panolam,W272 Nutmeg Cherry Satin,#9e653a,0.5594573828658695,0.09436430795798836,56.243029388054595,,,Textured Laminates,,,,,,D65,10,M1,2026-07-02T17:55:44.095Z,Nix Spectro L,3.04265589e-2,4.17456634e-2,4.73540664e-2,5.02549350e-2,5.26328392e-2,5.44294305e-2,5.61114661e-2,5.85279197e-2,6.30002856e-2,7.01702178e-2,7.80756056e-2,8.54244128e-2,9.44350302e-2,1.04481837e-1,1.15804316e-1,1.32237519e-1,1.58037725e-1,1.89681190e-1,2.21869883e-1,2.60064295e-1,2.86843437e-1,2.95784050e-1,2.95325166e-1,2.93533570e-1,2.92587948e-1,2.94611025e-1,2.97025687e-1,3.00997293e-1,3.05516297e-1,3.09812313e-1,3.13289136e-1,"[0.0304265589,0.0417456634,0.0473540664,0.050254935,0.0526328392,0.0544294305,0.0561114661,0.0585279197,0.0630002856,0.0701702178,0.0780756056,0.0854244128,0.0944350302,0.104481837,0.115804316,0.132237519,0.158037725,0.18968119,0.221869883,0.260064295,0.286843437,0.29578405,0.295325166,0.29353357,0.292587948,0.294611025,0.297025687,0.300997293,0.305516297,0.309812313,0.313289136]"
DB,panolam,W140 Riviera Maple Satin,#d9bf99,0.8167531227174469,0.05902699816000253,77.43705109478464,,,Textured Laminates,,,,,,D65,10,M1,2026-07-02T17:56:39.707Z,Nix Spectro L,3.61671770e-1,3.67570609e-1,3.38344556e-1,3.21402758e-1,3.10369855e-1,3.11092716e-1,3.26346874e-1,3.54332757e-1,3.98567593e-1,4.55364996e-1,4.91426450e-1,4.92865402e-1,4.89641052e-1,4.87787747e-1,4.89995605e-1,5.00131577e-1,5.26420742e-1,5.63341236e-1,5.96045756e-1,6.29119253e-1,6.51651800e-1,6.60135841e-1,6.61402071e-1,6.59535944e-1,6.56789255e-1,6.57561171e-1,6.56320691e-1,6.56690824e-1,6.58887374e-1,6.61838400e-1,6.64950299e-1,"[0.36167177,0.367570609,0.338344556,0.321402758,0.310369855,0.311092716,0.326346874,0.354332757,0.398567593,0.455364996,0.49142645,0.492865402,0.489641052,0.487787747,0.489995605,0.500131577,0.526420742,0.563341236,0.596045756,0.629119253,0.6516518,0.660135841,0.661402071,0.659535944,0.656789255,0.657561171,0.656320691,0.656690824,0.658887374,0.6618384,0.664950299]"
DB,panolam,W301 Antoccino Wood Essence,#bba385,0.7299581454678522,0.050872736813335505,73.57257357201865,,,Textured Laminates,,,,,,D65,10,M1,2026-07-02T17:57:32.557Z,Nix Spectro L,2.83897167e-1,2.85169011e-1,2.58004630e-1,2.41018090e-1,2.28595468e-1,2.25992107e-1,2.35242414e-1,2.54669014e-1,2.87386456e-1,3.32106715e-1,3.63766509e-1,3.67444855e-1,3.62529862e-1,3.56005555e-1,3.50892317e-1,3.48573297e-1,3.55998665e-1,3.75592583e-1,4.04736012e-1,4.47310424e-1,4.78887552e-1,4.89853394e-1,4.89393514e-1,4.86911547e-1,4.85054439e-1,4.86775064e-1,4.87235910e-1,4.88620472e-1,4.91014856e-1,4.93744791e-1,4.96161687e-1,"[0.283897167,0.285169011,0.25800463,0.24101809,0.228595468,0.225992107,0.235242414,0.254669014,0.287386456,0.332106715,0.363766509,0.367444855,0.362529862,0.356005555,0.350892317,0.348573297,0.355998665,0.375592583,0.404736012,0.447310424,0.478887552,0.489853394,0.489393514,0.486911547,0.485054439,0.486775064,0.48723591,0.488620472,0.491014856,0.493744791,0.496161687]"
DB,panolam,W47N Kona Blend Satin,#3c2b23,0.3073710272960491,0.029164188861602665,48.03066849983276,,,Textured Laminates,,,,,,D65,10,M1,2026-07-02T17:58:20.337Z,Nix Spectro L,1.76851239e-2,1.90377373e-2,1.87011629e-2,1.83291756e-2,1.80891257e-2,1.77839343e-2,1.74762199e-2,1.73557393e-2,1.76548034e-2,1.84644111e-2,1.99277509e-2,2.14347005e-2,2.25627504e-2,2.33597662e-2,2.39334844e-2,2.46037826e-2,2.59602439e-2,2.82355655e-2,3.16341430e-2,3.67536061e-2,4.05543722e-2,4.18863252e-2,4.18731526e-2,4.16800566e-2,4.16096620e-2,4.18868028e-2,4.20989178e-2,4.23735142e-2,4.26282853e-2,4.28625621e-2,4.29697685e-2,"[0.0176851239,0.0190377373,0.0187011629,0.0183291756,0.0180891257,0.0177839343,0.0174762199,0.0173557393,0.0176548034,0.0184644111,0.0199277509,0.0214347005,0.0225627504,0.0233597662,0.0239334844,0.0246037826,0.0259602439,0.0282355655,0.031634143,0.0367536061,0.0405543722,0.0418863252,0.0418731526,0.0416800566,0.041609662,0.0418868028,0.0420989178,0.0423735142,0.0426282853,0.0428625621,0.0429697685]"
DB,panolam,W27D Untold Journey Wood Essence,#716357,0.5092008634042448,0.02592168664044311,61.63315095891471,,,Textured Laminates,,,,,,D65,10,M1,2026-07-02T17:59:23.506Z,Nix Spectro L,8.38591516e-2,9.23438981e-2,9.37830627e-2,9.41789135e-2,9.44948643e-2,9.58293840e-2,9.85050008e-2,1.02425970e-1,1.08516981e-1,1.16548258e-1,1.22060375e-1,1.22336785e-1,1.21345833e-1,1.20350604e-1,1.19862051e-1,1.20258527e-1,1.23476100e-1,1.29545739e-1,1.36807351e-1,1.46537827e-1,1.54372463e-1,1.59225665e-1,1.62313774e-1,1.63794217e-1,1.64722931e-1,1.66541292e-1,1.67608729e-1,1.68445539e-1,1.68962030e-1,1.69488129e-1,1.69822338e-1,"[0.0838591516,0.0923438981,0.0937830627,0.0941789135,0.0944948643,0.095829384,0.0985050008,0.10242597,0.108516981,0.116548258,0.122060375,0.122336785,0.121345833,0.120350604,0.119862051,0.120258527,0.1234761,0.129545739,0.136807351,0.146537827,0.154372463,0.159225665,0.162313774,0.163794217,0.164722931,0.166541292,0.167608729,0.168445539,0.16896203,0.169488129,0.169822338]"
DB,panolam,W64D Sunbeam Wood Essence,#d0c3af,0.8221119378260392,0.03104598847379109,79.4775660955795,,,Textured Laminates,,,,,,D65,10,M1,2026-07-02T18:00:19.303Z,Nix Spectro L,3.14946538e-1,3.70543063e-1,4.03339088e-1,4.19306457e-1,4.29357475e-1,4.39291865e-1,4.49338722e-1,4.58851600e-1,4.71224403e-1,4.87427270e-1,5.02461344e-1,5.12566596e-1,5.21387571e-1,5.28802407e-1,5.35239810e-1,5.42700344e-1,5.57918477e-1,5.77400267e-1,5.90464115e-1,5.97934735e-1,6.00917447e-1,6.03287959e-1,6.06982911e-1,6.08160865e-1,6.07748377e-1,6.10481489e-1,6.11402738e-1,6.13044095e-1,6.15000045e-1,6.17160237e-1,6.18977630e-1,"[0.314946538,0.370543063,0.403339088,0.419306457,0.429357475,0.439291865,0.449338722,0.4588516,0.471224403,0.48742727,0.502461344,0.512566596,0.521387571,0.528802407,0.53523981,0.542700344,0.557918477,0.577400267,0.590464115,0.597934735,0.600917447,0.603287959,0.606982911,0.608160865,0.607748377,0.610481489,0.611402738,0.613044095,0.615000045,0.617160237,0.61897763]"
DB,panolam,W24B Palazzo Satin,#3a2f24,0.3134573187830808,0.024506250610143093,66.07198410994096,,,Textured Laminates,,,,,,D65,10,M1,2026-07-02T18:01:14.430Z,Nix Spectro L,1.94127221e-2,2.00670779e-2,1.89338926e-2,1.83317315e-2,1.81305863e-2,1.81186005e-2,1.84609171e-2,1.93150017e-2,2.09103953e-2,2.31249947e-2,2.50306461e-2,2.58849278e-2,2.63812166e-2,2.67220039e-2,2.70112816e-2,2.75997959e-2,2.91052174e-2,3.13850738e-2,3.38484343e-2,3.68468836e-2,3.89132828e-2,3.95653404e-2,3.95302363e-2,3.93866047e-2,3.93043615e-2,3.95031460e-2,3.96509528e-2,3.98902703e-2,4.01373032e-2,4.03793029e-2,4.05177232e-2,"[0.0194127221,0.0200670779,0.0189338926,0.0183317315,0.0181305863,0.0181186005,0.0184609171,0.0193150017,0.0209103953,0.0231249947,0.0250306461,0.0258849278,0.0263812166,0.0267220039,0.0270112816,0.0275997959,0.0291052174,0.0313850738,0.0338484343,0.0368468836,0.0389132828,0.0395653404,0.0395302363,0.0393866047,0.0393043615,0.039503146,0.0396509528,0.0398902703,0.0401373032,0.0403793029,0.0405177232]"
DB,panolam,W292 Witchcraft Satin,#322722,0.28313552694746785,0.01914939347534758,42.826806414666805,,,Textured Laminates,,,,,,D65,10,M1,2026-07-02T18:02:05.040Z,Nix Spectro L,1.37287524e-2,1.53873840e-2,1.59791548e-2,1.62956063e-2,1.66635178e-2,1.68187626e-2,1.68590557e-2,1.69825416e-2,1.73425008e-2,1.78536579e-2,1.83207341e-2,1.84249766e-2,1.85160901e-2,1.86898179e-2,1.89868152e-2,1.96352765e-2,2.10360415e-2,2.30183162e-2,2.50606988e-2,2.73880377e-2,2.89736617e-2,2.95407854e-2,2.96489950e-2,2.96858240e-2,2.98040114e-2,3.01903944e-2,3.05628099e-2,3.09621625e-2,3.12809005e-2,3.15617848e-2,3.17043029e-2,"[0.0137287524,0.015387384,0.0159791548,0.0162956063,0.0166635178,0.0168187626,0.0168590557,0.0169825416,0.0173425008,0.0178536579,0.0183207341,0.0184249766,0.0185160901,0.0186898179,0.0189868152,0.0196352765,0.0210360415,0.0230183162,0.0250606988,0.0273880377,0.0289736617,0.0295407854,0.029648995,0.029685824,0.0298040114,0.0301903944,0.0305628099,0.0309621625,0.0312809005,0.0315617848,0.0317043029]"
DB,panolam,W11B Bailey Satin,#625a4b,0.4712048405768525,0.025932762737017497,85.32441339427106,,,Textured Laminates,,,,,,D65,10,M1,2026-07-02T18:02:58.295Z,Nix Spectro L,8.13060611e-2,8.20837095e-2,7.52045572e-2,7.09900759e-2,6.81041867e-2,6.76229037e-2,7.00988330e-2,7.52206221e-2,8.37659463e-2,9.51655477e-2,1.03097035e-1,1.03946078e-1,1.02656770e-1,1.00875038e-1,9.92726251e-2,9.81829047e-2,9.92575511e-2,1.02778506e-1,1.07364070e-1,1.13457026e-1,1.18086421e-1,1.20269959e-1,1.21097714e-1,1.21359603e-1,1.21733849e-1,1.23036033e-1,1.24063209e-1,1.25379625e-1,1.26902024e-1,1.28428957e-1,1.29744430e-1,"[0.0813060611,0.0820837095,0.0752045572,0.0709900759,0.0681041867,0.0676229037,0.070098833,0.0752206221,0.0837659463,0.0951655477,0.103097035,0.103946078,0.10265677,0.100875038,0.0992726251,0.0981829047,0.0992575511,0.102778506,0.10736407,0.113457026,0.118086421,0.120269959,0.121097714,0.121359603,0.121733849,0.123036033,0.124063209,0.125379625,0.126902024,0.128428957,0.12974443]"
DB,panolam,P773 Beachcomber Satin,#a49783,0.6819651305507726,0.03184504139066219,77.84159272676152,,,Textured Laminates,,,,,,D65,10,M1,2026-07-02T18:03:58.941Z,Nix Spectro L,2.25374115e-1,2.38811764e-1,2.32461372e-1,2.27555865e-1,2.23709354e-1,2.24927595e-1,2.32323071e-1,2.44830576e-1,2.64623791e-1,2.90596849e-1,3.07683825e-1,3.07844347e-1,3.03975177e-1,2.99914616e-1,2.97272986e-1,2.96688533e-1,3.02509135e-1,3.14726657e-1,3.28823113e-1,3.46261859e-1,3.58976251e-1,3.64599514e-1,3.66507560e-1,3.66644919e-1,3.66538048e-1,3.68731219e-1,3.69749868e-1,3.71235007e-1,3.73208958e-1,3.75377566e-1,3.77314842e-1,"[0.225374115,0.238811764,0.232461372,0.227555865,0.223709354,0.224927595,0.232323071,0.244830576,0.264623791,0.290596849,0.307683825,0.307844347,0.303975177,0.299914616,0.297272986,0.296688533,0.302509135,0.314726657,0.328823113,0.346261859,0.358976251,0.364599514,0.36650756,0.366644919,0.366538048,0.368731219,0.369749868,0.371235007,0.373208958,0.375377566,0.377314842]"
DB,panolam,P741 Stargazing Satin,#5b6064,0.48528637394216795,0.009214071443010887,251.4237230098147,,,Textured Laminates,,,,,,D65,10,M1,2026-07-02T18:04:54.125Z,Nix Spectro L,1.32924643e-1,1.39605319e-1,1.36211741e-1,1.32744488e-1,1.29030108e-1,1.26382987e-1,1.24381217e-1,1.22943097e-1,1.22542138e-1,1.22372971e-1,1.22101070e-1,1.20555095e-1,1.18727684e-1,1.16987936e-1,1.15995230e-1,1.14904541e-1,1.13182512e-1,1.11866009e-1,1.11669499e-1,1.11647594e-1,1.10957597e-1,1.09437832e-1,1.07647596e-1,1.06383348e-1,1.05508320e-1,1.05073075e-1,1.03972682e-1,1.02692194e-1,1.01572534e-1,1.00685820e-1,9.99730855e-2,"[0.132924643,0.139605319,0.136211741,0.132744488,0.129030108,0.126382987,0.124381217,0.122943097,0.122542138,0.122372971,0.12210107,0.120555095,0.118727684,0.116987936,0.11599523,0.114904541,0.113182512,0.111866009,0.111669499,0.111647594,0.110957597,0.109437832,0.107647596,0.106383348,0.10550832,0.105073075,0.103972682,0.102692194,0.101572534,0.10068582,0.0999730855]"
DB,panolam,P756 Jumping in Puddles Satin,#6f6963,0.5246873331034992,0.01153103178768053,65.37735827645332,,,Textured Laminates,,,,,,D65,10,M1,2026-07-02T18:05:52.609Z,Nix Spectro L,1.29560223e-1,1.35735473e-1,1.31115735e-1,1.27348527e-1,1.24031122e-1,1.23037031e-1,1.24642830e-1,1.28406975e-1,1.35210460e-1,1.44183812e-1,1.49167764e-1,1.46530864e-1,1.42392704e-1,1.38725829e-1,1.36471167e-1,1.35297516e-1,1.36369944e-1,1.40307349e-1,1.46028501e-1,1.53566110e-1,1.58706909e-1,1.60005611e-1,1.59392309e-1,1.58603188e-1,1.58050060e-1,1.58502105e-1,1.58317789e-1,1.58068484e-1,1.57938200e-1,1.57973319e-1,1.57977948e-1,"[0.129560223,0.135735473,0.131115735,0.127348527,0.124031122,0.123037031,0.12464283,0.128406975,0.13521046,0.144183812,0.149167764,0.146530864,0.142392704,0.138725829,0.136471167,0.135297516,0.136369944,0.140307349,0.146028501,0.15356611,0.158706909,0.160005611,0.159392309,0.158603188,0.15805006,0.158502105,0.158317789,0.158068484,0.1579382,0.157973319,0.157977948]"
DB,panolam,P732 Little Black Dress Medium Gloss,#40474c,0.3923530150697271,0.01251119792507884,242.81586244328435,,,Textured Laminates,,,,,,D65,10,M1,2026-07-02T18:06:49.254Z,Nix Spectro L,6.77782655e-2,7.28643924e-2,7.33073667e-2,7.28568554e-2,7.20845506e-2,7.14468300e-2,7.06859648e-2,6.98700413e-2,6.92652598e-2,6.84387416e-2,6.75541192e-2,6.61937892e-2,6.47554882e-2,6.34267733e-2,6.24725811e-2,6.13607466e-2,5.98574765e-2,5.85563250e-2,5.78590058e-2,5.71231425e-2,5.61323769e-2,5.49353704e-2,5.37835233e-2,5.30221321e-2,5.24932779e-2,5.21577902e-2,5.15126571e-2,5.08201413e-2,5.02293117e-2,4.97416444e-2,4.93143290e-2,"[0.0677782655,0.0728643924,0.0733073667,0.0728568554,0.0720845506,0.07144683,0.0706859648,0.0698700413,0.0692652598,0.0684387416,0.0675541192,0.0661937892,0.0647554882,0.0634267733,0.0624725811,0.0613607466,0.0598574765,0.058556325,0.0578590058,0.0571231425,0.0561323769,0.0549353704,0.0537835233,0.0530221321,0.0524932779,0.0521577902,0.0515126571,0.0508201413,0.0502293117,0.0497416444,0.049314329]"
DB,panolam,P727 Sugar Pie Super Matte,#b1aa9f,0.740132993685145,0.016779085739638877,79.08045358167192,,,Textured Laminates,,,,,,D65,10,M1,2026-07-02T18:07:54.476Z,Nix Spectro L,3.11048490e-1,3.42313117e-1,3.49332601e-1,3.50201660e-1,3.48622853e-1,3.49659562e-1,3.53440946e-1,3.59099746e-1,3.68808401e-1,3.81670219e-1,3.90718329e-1,3.91555882e-1,3.91365844e-1,3.91468483e-1,3.93072140e-1,3.96356356e-1,4.04203320e-1,4.15138960e-1,4.22712773e-1,4.26153851e-1,4.26794308e-1,4.27023768e-1,4.28074217e-1,4.28206521e-1,4.27970898e-1,4.30132592e-1,4.30716240e-1,4.31340355e-1,4.32128745e-1,4.33224946e-1,4.34213042e-1,"[0.31104849,0.342313117,0.349332601,0.35020166,0.348622853,0.349659562,0.353440946,0.359099746,0.368808401,0.381670219,0.390718329,0.391555882,0.391365844,0.391468483,0.39307214,0.396356356,0.40420332,0.41513896,0.422712773,0.426153851,0.426794308,0.427023768,0.428074217,0.428206521,0.427970898,0.430132592,0.43071624,0.431340355,0.432128745,0.433224946,0.434213042]"
DB,panolam,AA60 Negotiating in Geneva Satin,#a4a29e,0.7124583741577348,0.005968825870899219,83.82256360955756,,,Textured Laminates,,,,,,D65,10,M1,2026-07-02T18:08:48.415Z,Nix Spectro L,3.31472069e-1,3.54795426e-1,3.51169997e-1,3.45335281e-1,3.38334328e-1,3.35953563e-1,3.38476056e-1,3.44679987e-1,3.56709880e-1,3.73150378e-1,3.82720006e-1,3.77764136e-1,3.68957198e-1,3.60466021e-1,3.54477471e-1,3.49261194e-1,3.46742839e-1,3.49640197e-1,3.56638145e-1,3.66208601e-1,3.73035085e-1,3.76067466e-1,3.77248526e-1,3.78013480e-1,3.80042189e-1,3.85452539e-1,3.89943206e-1,3.94897830e-1,4.00186199e-1,4.05375993e-1,4.09840935e-1,"[0.331472069,0.354795426,0.351169997,0.345335281,0.338334328,0.335953563,0.338476056,0.344679987,0.35670988,0.373150378,0.382720006,0.377764136,0.368957198,0.360466021,0.354477471,0.349261194,0.346742839,0.349640197,0.356638145,0.366208601,0.373035085,0.376067466,0.377248526,0.37801348,0.380042189,0.385452539,0.389943206,0.39489783,0.400186199,0.405375993,0.409840935]"
DB,panolam,W249 Zebrano White Timberline,#dcd9d3,0.8863514462092476,0.008506718005212226,84.21731334753787,,,Textured Laminates,,,,,,D65,10,M1,2026-07-02T18:10:07.651Z,Nix Spectro L,5.91385651e-1,6.50698197e-1,6.63954377e-1,6.62833023e-1,6.55360711e-1,6.52850020e-1,6.54845655e-1,6.58734775e-1,6.68252945e-1,6.83124650e-1,6.96002471e-1,6.98075747e-1,6.95801020e-1,6.92152822e-1,6.89844978e-1,6.86678648e-1,6.86325479e-1,6.91798520e-1,7.01031244e-1,7.11477745e-1,7.16912973e-1,7.17054069e-1,7.15651083e-1,7.13848686e-1,7.12708724e-1,7.16169488e-1,7.16928077e-1,7.17729509e-1,7.19351184e-1,7.21509504e-1,7.23491108e-1,"[0.591385651,0.650698197,0.663954377,0.662833023,0.655360711,0.65285002,0.654845655,0.658734775,0.668252945,0.68312465,0.696002471,0.698075747,0.69580102,0.692152822,0.689844978,0.686678648,0.686325479,0.69179852,0.701031244,0.711477745,0.716912973,0.717054069,0.715651083,0.713848686,0.712708724,0.716169488,0.716928077,0.717729509,0.719351184,0.721509504,0.723491108]"
DB,panolam,W47B Crema Medium Gloss,#dedcd2,0.8924719208044353,0.012836410630116795,96.95847393771896,,,Textured Laminates,,,,,,D65,10,M1,2026-07-02T18:11:37.792Z,Nix Spectro L,4.76981133e-1,5.60244071e-1,6.11091757e-1,6.33800161e-1,6.45691812e-1,6.56455421e-1,6.65457356e-1,6.71144307e-1,6.77896667e-1,6.87902236e-1,6.99315071e-1,7.06355345e-1,7.09377563e-1,7.09837914e-1,7.08989203e-1,7.05553043e-1,7.06167948e-1,7.12867475e-1,7.20797133e-1,7.27694821e-1,7.29245758e-1,7.27646124e-1,7.26725805e-1,7.25127769e-1,7.23146307e-1,7.25427186e-1,7.25522876e-1,7.26127434e-1,7.27205777e-1,7.28553712e-1,7.29492199e-1,"[0.476981133,0.560244071,0.611091757,0.633800161,0.645691812,0.656455421,0.665457356,0.671144307,0.677896667,0.687902236,0.699315071,0.706355345,0.709377563,0.709837914,0.708989203,0.705553043,0.706167948,0.712867475,0.720797133,0.727694821,0.729245758,0.727646124,0.726725805,0.725127769,0.723146307,0.725427186,0.725522876,0.726127434,0.727205777,0.728553712,0.729492199]"
DB,panolam,W92B Dragonfly Satin,#b59a7d,0.7020348173237779,0.05178577800035673,68.24281122912225,,,Textured Laminates,,,,,,D65,10,M1,2026-07-02T18:12:31.916Z,Nix Spectro L,1.42391999e-1,1.74202618e-1,1.93914613e-1,2.03756285e-1,2.10461566e-1,2.16814482e-1,2.23181555e-1,2.29602984e-1,2.38808185e-1,2.53196821e-1,2.70778513e-1,2.86927134e-1,2.99572271e-1,3.08789176e-1,3.14995462e-1,3.20965797e-1,3.33596307e-1,3.52729243e-1,3.74744153e-1,4.03506851e-1,4.24195033e-1,4.33000964e-1,4.35957551e-1,4.36258435e-1,4.35879922e-1,4.38431430e-1,4.40171021e-1,4.42722571e-1,4.45327532e-1,4.47832656e-1,4.49672782e-1,"[0.142391999,0.174202618,0.193914613,0.203756285,0.210461566,0.216814482,0.223181555,0.229602984,0.238808185,0.253196821,0.270778513,0.286927134,0.299572271,0.308789176,0.314995462,0.320965797,0.333596307,0.352729243,0.374744153,0.403506851,0.424195033,0.433000964,0.435957551,0.436258435,0.435879922,0.43843143,0.440171021,0.442722571,0.445327532,0.447832656,0.449672782]"
DB,panolam,P745 Love Letters Satin,#ccc6bb,0.8277338393853896,0.01607305718759338,81.24578170658731,,,Textured Laminates,,,,,,D65,10,M1,2026-07-02T18:13:31.919Z,Nix Spectro L,4.48198521e-1,4.93030399e-1,5.02035522e-1,5.01127231e-1,4.96197343e-1,4.96280032e-1,5.01670909e-1,5.10187644e-1,5.25408143e-1,5.47668159e-1,5.65883267e-1,5.69566846e-1,5.66689885e-1,5.61556756e-1,5.56687081e-1,5.50714767e-1,5.48840487e-1,5.55018640e-1,5.68301094e-1,5.87969899e-1,6.01438630e-1,6.05513382e-1,6.05350220e-1,6.04151094e-1,6.03516960e-1,6.07108247e-1,6.08738434e-1,6.10643888e-1,6.13131237e-1,6.15886021e-1,6.18193424e-1,"[0.448198521,0.493030399,0.502035522,0.501127231,0.496197343,0.496280032,0.501670909,0.510187644,0.525408143,0.547668159,0.565883267,0.569566846,0.566689885,0.561556756,0.556687081,0.550714767,0.548840487,0.55501864,0.568301094,0.587969899,0.60143863,0.605513382,0.60535022,0.604151094,0.60351696,0.607108247,0.608738434,0.610643888,0.613131237,0.615886021,0.618193424]"
DB,panolam,W150 Absolute Acajou Satin,#6d6158,0.5015577014626901,0.020640651018741803,62.497258085120336,,,Textured Laminates,,,,,,D65,10,M1,2026-07-02T18:14:40.267Z,Nix Spectro L,9.22822341e-2,1.00849755e-1,1.01675753e-1,1.00932464e-1,9.96717915e-2,9.90998507e-2,9.91532758e-2,9.97783393e-2,1.01851875e-1,1.05732206e-1,1.10912031e-1,1.15174635e-1,1.17835870e-1,1.19241533e-1,1.19881162e-1,1.20042574e-1,1.21247947e-1,1.24518305e-1,1.30185346e-1,1.38831148e-1,1.44997764e-1,1.46987733e-1,1.46865171e-1,1.46377534e-1,1.46072564e-1,1.46794364e-1,1.47096536e-1,1.47490093e-1,1.47920138e-1,1.48388097e-1,1.48684433e-1,"[0.0922822341,0.100849755,0.101675753,0.100932464,0.0996717915,0.0990998507,0.0991532758,0.0997783393,0.101851875,0.105732206,0.110912031,0.115174635,0.11783587,0.119241533,0.119881162,0.120042574,0.121247947,0.124518305,0.130185346,0.138831148,0.144997764,0.146987733,0.146865171,0.146377534,0.146072564,0.146794364,0.147096536,0.147490093,0.147920138,0.148388097,0.148684433]"
DB,panolam,W50N Santa Rosa Plum,#ab8057,0.6328169663552757,0.07737268971550888,64.81231299714494,,,Textured Laminates,,,,,,D65,10,M1,2026-07-02T18:15:36.495Z,Nix Spectro L,6.68504983e-2,8.57854024e-2,9.61216763e-2,1.01222660e-1,1.04885133e-1,1.08355570e-1,1.12332714e-1,1.17242649e-1,1.25596151e-1,1.40762082e-1,1.61132309e-1,1.80427638e-1,1.94680032e-1,2.04693571e-1,2.11118433e-1,2.17409754e-1,2.31048849e-1,2.53358772e-1,2.82725328e-1,3.24570507e-1,3.55993909e-1,3.69933653e-1,3.74792761e-1,3.76283449e-1,3.77101797e-1,3.81011593e-1,3.84310043e-1,3.87354273e-1,3.89038986e-1,3.90432245e-1,3.90831268e-1,"[0.0668504983,0.0857854024,0.0961216763,0.10122266,0.104885133,0.10835557,0.112332714,0.117242649,0.125596151,0.140762082,0.161132309,0.180427638,0.194680032,0.204693571,0.211118433,0.217409754,0.231048849,0.253358772,0.282725328,0.324570507,0.355993909,0.369933653,0.374792761,0.376283449,0.377101797,0.381011593,0.384310043,0.387354273,0.389038986,0.390432245,0.390831268]"
DB,panolam,W354 Chocolate Malt Satin,#807262,0.5600299224729399,0.02966126008398136,70.3841164326227,,,Textured Laminates,,,,,,D65,10,M1,2026-07-02T18:16:51.873Z,Nix Spectro L,1.32035507e-1,1.37078248e-1,1.29854514e-1,1.24713212e-1,1.20660229e-1,1.19827051e-1,1.22850646e-1,1.29203962e-1,1.40192185e-1,1.55363551e-1,1.66270509e-1,1.67395705e-1,1.65490857e-1,1.63079557e-1,1.61312091e-1,1.60595238e-1,1.63590279e-1,1.71196809e-1,1.82044333e-1,1.97161201e-1,2.08039519e-1,2.11620057e-1,2.11394471e-1,2.10570902e-1,2.10083413e-1,2.11209926e-1,2.11816376e-1,2.12652546e-1,2.13679942e-1,2.14798167e-1,2.15679082e-1,"[0.132035507,0.137078248,0.129854514,0.124713212,0.120660229,0.119827051,0.122850646,0.129203962,0.140192185,0.155363551,0.166270509,0.167395705,0.165490857,0.163079557,0.161312091,0.160595238,0.163590279,0.171196809,0.182044333,0.197161201,0.208039519,0.211620057,0.211394471,0.210570902,0.210083413,0.211209926,0.211816376,0.212652546,0.213679942,0.214798167,0.215679082]"
DB,panolam,W196 Appears Likatre Timberline,#a6886b,0.6463756428278419,0.054303283271541186,65.38155429259018,,,Textured Laminates,,,,,,D65,10,M1,2026-07-02T18:18:02.480Z,Nix Spectro L,1.75755870e-1,1.78754231e-1,1.63632262e-1,1.53977075e-1,1.46977730e-1,1.45821030e-1,1.51729324e-1,1.63895473e-1,1.84570470e-1,2.13198444e-1,2.34469488e-1,2.38718379e-1,2.37448218e-1,2.34937641e-1,2.33156693e-1,2.33498183e-1,2.41167289e-1,2.58143660e-1,2.84090346e-1,3.23511159e-1,3.53541976e-1,3.64970380e-1,3.65596366e-1,3.64024460e-1,3.62897193e-1,3.64467835e-1,3.65131325e-1,3.66758102e-1,3.69300079e-1,3.71993560e-1,3.74366653e-1,"[0.17575587,0.178754231,0.163632262,0.153977075,0.14697773,0.14582103,0.151729324,0.163895473,0.18457047,0.213198444,0.234469488,0.238718379,0.237448218,0.234937641,0.233156693,0.233498183,0.241167289,0.25814366,0.284090346,0.323511159,0.353541976,0.36497038,0.365596366,0.36402446,0.362897193,0.364467835,0.365131325,0.366758102,0.369300079,0.37199356,0.374366653]"
DB,panolam,W59B Macchiato Satin,#907352,0.5749352535246794,0.05953950411515944,68.40886473331562,,,Textured Laminates,,,,,,D65,10,M1,2026-07-02T18:18:55.343Z,Nix Spectro L,1.19793792e-1,1.15885340e-1,9.82462138e-2,8.81769165e-2,8.17187726e-2,8.08734536e-2,8.70587453e-2,9.96072203e-2,1.20226622e-1,1.47986880e-1,1.66943553e-1,1.68364415e-1,1.64922985e-1,1.60968119e-1,1.58167776e-1,1.57818875e-1,1.64334235e-1,1.78888026e-1,2.00209451e-1,2.32395467e-1,2.57805592e-1,2.69264647e-1,2.72279444e-1,2.72675228e-1,2.72986624e-1,2.75282440e-1,2.76747841e-1,2.78684413e-1,2.80991632e-1,2.83364713e-1,2.85411763e-1,"[0.119793792,0.11588534,0.0982462138,0.0881769165,0.0817187726,0.0808734536,0.0870587453,0.0996072203,0.120226622,0.14798688,0.166943553,0.168364415,0.164922985,0.160968119,0.158167776,0.157818875,0.164334235,0.178888026,0.200209451,0.232395467,0.257805592,0.269264647,0.272279444,0.272675228,0.272986624,0.27528244,0.276747841,0.278684413,0.280991632,0.283364713,0.285411763]"
DB,panolam,W40D Stout Walnut Satin,#614737,0.4224303289491855,0.043933683353697885,54.907025802483304,,,Textured Laminates,,,,,,D65,10,M1,2026-07-02T18:19:47.266Z,Nix Spectro L,3.60404409e-2,3.95938151e-2,3.93536702e-2,3.90442688e-2,3.89923215e-2,3.94178037e-2,4.06093597e-2,4.27142620e-2,4.63614456e-2,5.16239472e-2,5.60235776e-2,5.76453045e-2,5.84287792e-2,5.91037869e-2,6.00170061e-2,6.19177632e-2,6.64730355e-2,7.37508446e-2,8.30970794e-2,9.61632401e-2,1.06007732e-1,1.10071643e-1,1.10909273e-1,1.10921465e-1,1.11001563e-1,1.11983307e-1,1.12767746e-1,1.13720424e-1,1.14630963e-1,1.15495464e-1,1.16103706e-1,"[0.0360404409,0.0395938151,0.0393536702,0.0390442688,0.0389923215,0.0394178037,0.0406093597,0.042714262,0.0463614456,0.0516239472,0.0560235776,0.0576453045,0.0584287792,0.0591037869,0.0600170061,0.0619177632,0.0664730355,0.0737508446,0.0830970794,0.0961632401,0.106007732,0.110071643,0.110909273,0.110921465,0.111001563,0.111983307,0.112767746,0.113720424,0.114630963,0.115495464,0.116103706]"
DB,panolam,W200 Aimtoo Savatre Satin,#82664f,0.5315882918039897,0.04940797279937909,59.53533635417341,,,Textured Laminates,,,,,,D65,10,M1,2026-07-02T18:20:46.308Z,Nix Spectro L,1.05106892e-1,1.04409297e-1,9.23465565e-2,8.46929654e-2,7.91003183e-2,7.72456735e-2,7.98769876e-2,8.65706891e-2,9.86128494e-2,1.15533653e-1,1.27908063e-1,1.29581982e-1,1.27884775e-1,1.25680409e-1,1.24302481e-1,1.24525122e-1,1.29305586e-1,1.40231180e-1,1.57898280e-1,1.85352516e-1,2.06422651e-1,2.14371789e-1,2.14625502e-1,2.13557664e-1,2.12988940e-1,2.14170685e-1,2.14836732e-1,2.16012341e-1,2.17672995e-1,2.19401222e-1,2.20867804e-1,"[0.105106892,0.104409297,0.0923465565,0.0846929654,0.0791003183,0.0772456735,0.0798769876,0.0865706891,0.0986128494,0.115533653,0.127908063,0.129581982,0.127884775,0.125680409,0.124302481,0.124525122,0.129305586,0.14023118,0.15789828,0.185352516,0.206422651,0.214371789,0.214625502,0.213557664,0.21298894,0.214170685,0.214836732,0.216012341,0.217672995,0.219401222,0.220867804]"
DB,panolam,W617 Pralines & Cream Timberline,#786655,0.5224453245962205,0.03483425955967606,64.47361658039131,,,Textured Laminates,,,,,,D65,10,M1,2026-07-02T18:21:44.477Z,Nix Spectro L,7.86817700e-2,8.75908300e-2,8.96821544e-2,9.07170370e-2,9.17296439e-2,9.33838248e-2,9.59435388e-2,9.95695710e-2,1.05202736e-1,1.12653971e-1,1.18554001e-1,1.21021205e-1,1.23009700e-1,1.24939257e-1,1.27116105e-1,1.30631097e-1,1.37635750e-1,1.46974391e-1,1.55502009e-1,1.64790013e-1,1.71687192e-1,1.75757575e-1,1.78367376e-1,1.79445437e-1,1.79873905e-1,1.81176880e-1,1.81775999e-1,1.82322711e-1,1.82643327e-1,1.83017701e-1,1.83249918e-1,"[0.07868177,0.08759083,0.0896821544,0.090717037,0.0917296439,0.0933838248,0.0959435388,0.099569571,0.105202736,0.112653971,0.118554001,0.121021205,0.1230097,0.124939257,0.127116105,0.130631097,0.13763575,0.146974391,0.155502009,0.164790013,0.171687192,0.175757575,0.178367376,0.179445437,0.179873905,0.18117688,0.181775999,0.182322711,0.182643327,0.183017701,0.183249918]"
DB,panolam,W340 Brown Pearwood Satin,#433026,0.3269168820527778,0.03211832656836854,48.09849385841602,,,Textured Laminates,,,,,,D65,10,M1,2026-07-02T18:22:37.317Z,Nix Spectro L,1.98245142e-2,2.14903936e-2,2.12084711e-2,2.09724460e-2,2.09284022e-2,2.08283782e-2,2.07926523e-2,2.10578699e-2,2.18294151e-2,2.29339410e-2,2.38864072e-2,2.43501887e-2,2.50494998e-2,2.59873353e-2,2.72372741e-2,2.92979088e-2,3.27063195e-2,3.68971005e-2,4.08424247e-2,4.51109849e-2,4.80808288e-2,4.92372729e-2,4.94804509e-2,4.95228201e-2,4.96902846e-2,5.03113426e-2,5.09183154e-2,5.16624123e-2,5.23872934e-2,5.30690998e-2,5.35740316e-2,"[0.0198245142,0.0214903936,0.0212084711,0.020972446,0.0209284022,0.0208283782,0.0207926523,0.0210578699,0.0218294151,0.022933941,0.0238864072,0.0243501887,0.0250494998,0.0259873353,0.0272372741,0.0292979088,0.0327063195,0.0368971005,0.0408424247,0.0451109849,0.0480808288,0.0492372729,0.0494804509,0.0495228201,0.0496902846,0.0503113426,0.0509183154,0.0516624123,0.0523872934,0.0530690998,0.0535740316]"
DB,panolam,W42W Babbling Brook Satin,#77553d,0.479681568054516,0.057534109052425134,56.31465299507738,,,Textured Laminates,,,,,,D65,10,M1,2026-07-02T18:23:40.300Z,Nix Spectro L,4.82402705e-2,5.21483958e-2,5.03045984e-2,4.90794435e-2,4.84856002e-2,4.90858398e-2,5.14420010e-2,5.56259647e-2,6.26274027e-2,7.26357371e-2,8.06093931e-2,8.29977766e-2,8.36422935e-2,8.40788290e-2,8.49361673e-2,8.73560399e-2,9.41014141e-2,1.05511123e-1,1.20755315e-1,1.42871106e-1,1.60325578e-1,1.68894663e-1,1.72215119e-1,1.73467386e-1,1.74437767e-1,1.76755551e-1,1.78558320e-1,1.80294818e-1,1.81653345e-1,1.82916307e-1,1.83776745e-1,"[0.0482402705,0.0521483958,0.0503045984,0.0490794435,0.0484856002,0.0490858398,0.051442001,0.0556259647,0.0626274027,0.0726357371,0.0806093931,0.0829977766,0.0836422935,0.084078829,0.0849361673,0.0873560399,0.0941014141,0.105511123,0.120755315,0.142871106,0.160325578,0.168894663,0.172215119,0.173467386,0.174437767,0.176755551,0.17855832,0.180294818,0.181653345,0.182916307,0.183776745]"
DB,panolam,W369 Wedding Cake Satin,#aca69b,0.7279628678798559,0.016811576416201998,82.6134010659029,,,Textured Laminates,,,,,,D65,10,M1,2026-07-02T18:24:35.348Z,Nix Spectro L,2.77861062e-1,3.11570820e-1,3.23923704e-1,3.27793866e-1,3.28585166e-1,3.31502730e-1,3.36717179e-1,3.43181893e-1,3.53197223e-1,3.66644502e-1,3.76884562e-1,3.78951740e-1,3.78550023e-1,3.77468866e-1,3.76825112e-1,3.76439643e-1,3.79886740e-1,3.87309504e-1,3.94698596e-1,4.01772958e-1,4.06160116e-1,4.08595622e-1,4.10631448e-1,4.11316282e-1,4.11677331e-1,4.14559013e-1,4.16066223e-1,4.17894334e-1,4.20066607e-1,4.22373641e-1,4.24373513e-1,"[0.277861062,0.31157082,0.323923704,0.327793866,0.328585166,0.33150273,0.336717179,0.343181893,0.353197223,0.366644502,0.376884562,0.37895174,0.378550023,0.377468866,0.376825112,0.376439643,0.37988674,0.387309504,0.394698596,0.401772958,0.406160116,0.408595622,0.410631448,0.411316282,0.411677331,0.414559013,0.416066223,0.417894334,0.420066607,0.422373641,0.424373513]"
DB,panolam,W368 Peach Cobbler Satin,#9e7b58,0.6071492801626501,0.0654791140535099,65.76818733323518,,,Textured Laminates,,,,,,D65,10,M1,2026-07-02T18:25:36.198Z,Nix Spectro L,1.03451979e-1,1.09873790e-1,1.04582518e-1,1.01314639e-1,9.95094180e-2,1.00834052e-1,1.06347306e-1,1.15886474e-1,1.31382884e-1,1.53113234e-1,1.70788202e-1,1.77701011e-1,1.81039706e-1,1.83277139e-1,1.85543379e-1,1.90185377e-1,2.02469847e-1,2.22328928e-1,2.46882209e-1,2.80582395e-1,3.05932599e-1,3.16572398e-1,3.19003594e-1,3.18992543e-1,3.18881702e-1,3.21211672e-1,3.22955948e-1,3.25358903e-1,3.27936715e-1,3.30481386e-1,3.32499707e-1,"[0.103451979,0.10987379,0.104582518,0.101314639,0.099509418,0.100834052,0.106347306,0.115886474,0.131382884,0.153113234,0.170788202,0.177701011,0.181039706,0.183277139,0.185543379,0.190185377,0.202469847,0.222328928,0.246882209,0.280582395,0.305932599,0.316572398,0.319003594,0.318992543,0.318881702,0.321211672,0.322955948,0.325358903,0.327936715,0.330481386,0.332499707]"
DB,panolam,LL57 Gunmetal Cathedral,#65605e,0.4923997026243539,0.0067982731644951645,36.289145332145324,,,Textured Laminates,,,,,,D65,10,M1,2026-07-02T18:26:45.679Z,Nix Spectro L,9.93984789e-2,1.10244448e-1,1.13823774e-1,1.14633292e-1,1.14421876e-1,1.14272583e-1,1.13873324e-1,1.13234031e-1,1.12941831e-1,1.12732372e-1,1.13008901e-1,1.13251041e-1,1.13699543e-1,1.14235862e-1,1.15163733e-1,1.16367689e-1,1.18278866e-1,1.20885576e-1,1.23544289e-1,1.26121157e-1,1.27271318e-1,1.26864512e-1,1.25907265e-1,1.25011726e-1,1.24198292e-1,1.23965134e-1,1.23188691e-1,1.22422113e-1,1.21814996e-1,1.21364476e-1,1.20971267e-1,"[0.0993984789,0.110244448,0.113823774,0.114633292,0.114421876,0.114272583,0.113873324,0.113234031,0.112941831,0.112732372,0.113008901,0.113251041,0.113699543,0.114235862,0.115163733,0.116367689,0.118278866,0.120885576,0.123544289,0.126121157,0.127271318,0.126864512,0.125907265,0.125011726,0.124198292,0.123965134,0.123188691,0.122422113,0.121814996,0.121364476,0.120971267]"
DB,panolam,LL57 Gunmetal Chamois,#64605e,0.49134607693731763,0.00674310781100557,38.86880984024697,,,Solid Laminates,,,,,,D65,10,M1,2026-07-02T18:28:06.992Z,Nix Spectro L,9.47613031e-2,1.06314580e-1,1.11141515e-1,1.12754127e-1,1.13195281e-1,1.13498977e-1,1.13358480e-1,1.12819363e-1,1.12490529e-1,1.12187758e-1,1.12396438e-1,1.12630939e-1,1.13059385e-1,1.13573800e-1,1.14441696e-1,1.15563509e-1,1.17478980e-1,1.20163837e-1,1.22848424e-1,1.25378688e-1,1.26428467e-1,1.25947252e-1,1.24984500e-1,1.24097146e-1,1.23268533e-1,1.23019141e-1,1.22253735e-1,1.21485871e-1,1.20830077e-1,1.20316997e-1,1.19844005e-1,"[0.0947613031,0.10631458,0.111141515,0.112754127,0.113195281,0.113498977,0.11335848,0.112819363,0.112490529,0.112187758,0.112396438,0.112630939,0.113059385,0.1135738,0.114441696,0.115563509,0.11747898,0.120163837,0.122848424,0.125378688,0.126428467,0.125947252,0.1249845,0.124097146,0.123268533,0.123019141,0.122253735,0.121485871,0.120830077,0.120316997,0.119844005]"
DB,panolam,W336 Sunset Satin,#814327,0.4538109058822801,0.09407743415549902,43.71628639328799,,,Textured Laminates,,,,,,D65,10,M1,2026-07-02T18:31:22.848Z,Nix Spectro L,1.13934536e-2,1.93773884e-2,2.41444025e-2,2.60379460e-2,2.71289088e-2,2.76523292e-2,2.78120399e-2,2.79949434e-2,2.91899398e-2,3.25649478e-2,3.75331201e-2,4.15908240e-2,4.45792496e-2,4.73788857e-2,5.05320273e-2,5.54230921e-2,6.50544800e-2,8.09322745e-2,1.05633387e-1,1.44958949e-1,1.76854953e-1,1.92608428e-1,1.98307371e-1,2.00467098e-1,2.02257079e-1,2.05777225e-1,2.08582172e-1,2.11160403e-1,2.13113248e-1,2.14821932e-1,2.15929052e-1,"[0.0113934536,0.0193773884,0.0241444025,0.026037946,0.0271289088,0.0276523292,0.0278120399,0.0279949434,0.0291899398,0.0325649478,0.0375331201,0.041590824,0.0445792496,0.0473788857,0.0505320273,0.0554230921,0.06505448,0.0809322745,0.105633387,0.144958949,0.176854953,0.192608428,0.198307371,0.200467098,0.202257079,0.205777225,0.208582172,0.211160403,0.213113248,0.214821932,0.215929052]"
DB,panolam,S645 True White Satin,#e9ebea,0.9387611609006338,0.003317601268036098,173.65489710247698,,,Solid Laminates,,,,,,D65,10,M1,2026-07-02T18:32:41.909Z,Nix Spectro L,6.39623666e-1,7.39747584e-1,7.95916438e-1,8.17843163e-1,8.25985026e-1,8.33266640e-1,8.38109946e-1,8.37995887e-1,8.37288141e-1,8.37312114e-1,8.39533973e-1,8.39495313e-1,8.37385046e-1,8.34366155e-1,8.32178628e-1,8.27199173e-1,8.23558259e-1,8.24212897e-1,8.26496029e-1,8.26239741e-1,8.22684145e-1,8.19235110e-1,8.18079293e-1,8.16481411e-1,8.14587831e-1,8.17169070e-1,8.16429806e-1,8.15544903e-1,8.15371263e-1,8.15768254e-1,8.16120279e-1,"[0.639623666,0.739747584,0.795916438,0.817843163,0.825985026,0.83326664,0.838109946,0.837995887,0.837288141,0.837312114,0.839533973,0.839495313,0.837385046,0.834366155,0.832178628,0.827199173,0.823558259,0.824212897,0.826496029,0.826239741,0.822684145,0.81923511,0.818079293,0.816481411,0.814587831,0.81716907,0.816429806,0.815544903,0.815371263,0.815768254,0.816120279]"
DB,panolam,S744 Slate Satin,#47423d,0.38277656753786576,0.010889844894488207,63.58265477500413,,,Solid Laminates,,,,,,D65,10,M1,2026-07-02T18:34:52.677Z,Nix Spectro L,3.66306320e-2,4.23824824e-2,4.55609731e-2,4.70330581e-2,4.80135664e-2,4.86048482e-2,4.87488180e-2,4.86322261e-2,4.85998400e-2,4.87360708e-2,4.96482618e-2,5.10830685e-2,5.23855373e-2,5.33783630e-2,5.40857635e-2,5.47220968e-2,5.58981076e-2,5.75291388e-2,5.90109043e-2,6.03606328e-2,6.10178225e-2,6.11113273e-2,6.11122526e-2,6.10606439e-2,6.10632971e-2,6.14742853e-2,6.17762700e-2,6.21821515e-2,6.25755303e-2,6.29484817e-2,6.31865375e-2,"[0.036630632,0.0423824824,0.0455609731,0.0470330581,0.0480135664,0.0486048482,0.048748818,0.0486322261,0.04859984,0.0487360708,0.0496482618,0.0510830685,0.0523855373,0.053378363,0.0540857635,0.0547220968,0.0558981076,0.0575291388,0.0590109043,0.0603606328,0.0610178225,0.0611113273,0.0611122526,0.0610606439,0.0610632971,0.0614742853,0.06177627,0.0621821515,0.0625755303,0.0629484817,0.0631865375]"
DB,panolam,S473 Nubian Brown Satin,#3d2f28,0.3180221954996511,0.02406452637166314,45.88388631499794,,,Solid Laminates,,,,,,D65,10,M1,2026-07-02T18:36:18.314Z,Nix Spectro L,2.27223229e-2,2.41156388e-2,2.34625392e-2,2.29423627e-2,2.26227958e-2,2.22891722e-2,2.19961662e-2,2.19532259e-2,2.23318655e-2,2.29409967e-2,2.36477338e-2,2.41978895e-2,2.49257438e-2,2.57579692e-2,2.67660890e-2,2.83175968e-2,3.07751067e-2,3.37606743e-2,3.66221398e-2,3.97345647e-2,4.17996429e-2,4.23746608e-2,4.22173783e-2,4.20125179e-2,4.19526033e-2,4.22304653e-2,4.24687855e-2,4.28351574e-2,4.32437442e-2,4.36441310e-2,4.39324617e-2,"[0.0227223229,0.0241156388,0.0234625392,0.0229423627,0.0226227958,0.0222891722,0.0219961662,0.0219532259,0.0223318655,0.0229409967,0.0236477338,0.0241978895,0.0249257438,0.0257579692,0.026766089,0.0283175968,0.0307751067,0.0337606743,0.0366221398,0.0397345647,0.0417996429,0.0423746608,0.0422173783,0.0420125179,0.0419526033,0.0422304653,0.0424687855,0.0428351574,0.0432437442,0.043644131,0.0439324617]"
DB,panolam,S568 Surf Satin,#dad4ca,0.8719687066552837,0.014599049618158215,78.00910847471368,,,Solid Laminates,,,,,,D65,10,M1,2026-07-02T18:37:08.419Z,Nix Spectro L,4.37061763e-1,5.15999568e-1,5.64825439e-1,5.86223900e-1,5.97053099e-1,6.06166553e-1,6.12704372e-1,6.15343928e-1,6.17857099e-1,6.22081566e-1,6.29632008e-1,6.37509429e-1,6.44111943e-1,6.49048471e-1,6.53083301e-1,6.55827022e-1,6.62852621e-1,6.73840249e-1,6.82698667e-1,6.88170266e-1,6.89275789e-1,6.89264858e-1,6.90610123e-1,6.90527761e-1,6.89689994e-1,6.92827880e-1,6.93760109e-1,6.95193982e-1,6.97108614e-1,6.99253988e-1,7.01000488e-1,"[0.437061763,0.515999568,0.564825439,0.5862239,0.597053099,0.606166553,0.612704372,0.615343928,0.617857099,0.622081566,0.629632008,0.637509429,0.644111943,0.649048471,0.653083301,0.655827022,0.662852621,0.673840249,0.682698667,0.688170266,0.689275789,0.689264858,0.690610123,0.690527761,0.689689994,0.69282788,0.693760109,0.695193982,0.697108614,0.699253988,0.701000488]"
DB,panolam,W268 Fusion Maple Satin,#d5ad80,0.7725627717383436,0.07569469664550205,70.03633020307399,,,Textured Laminates,,,,,,D65,10,M1,2026-07-02T18:38:28.834Z,Nix Spectro L,2.08830038e-1,2.33801726e-1,2.36590910e-1,2.34717110e-1,2.31645855e-1,2.32011423e-1,2.36292431e-1,2.43946686e-1,2.59274656e-1,2.87474453e-1,3.26944721e-1,3.65762395e-1,3.93189198e-1,4.09966469e-1,4.17774916e-1,4.20962006e-1,4.30688316e-1,4.52945757e-1,4.92911625e-1,5.58613110e-1,6.07679188e-1,6.24644339e-1,6.24111378e-1,6.20286453e-1,6.16726017e-1,6.17716551e-1,6.17595339e-1,6.18988454e-1,6.21285820e-1,6.23668778e-1,6.25342178e-1,"[0.208830038,0.233801726,0.23659091,0.23471711,0.231645855,0.232011423,0.236292431,0.243946686,0.259274656,0.287474453,0.326944721,0.365762395,0.393189198,0.409966469,0.417774916,0.420962006,0.430688316,0.452945757,0.492911625,0.55861311,0.607679188,0.624644339,0.624111378,0.620286453,0.616726017,0.617716551,0.617595339,0.618988454,0.62128582,0.623668778,0.625342178]"
DB,panolam,S402 Natural Almond Satin,#d9cdb6,0.8515835901942926,0.03355504034034217,83.50433944430915,,,Solid Laminates,,,,,,D65,10,M1,2026-07-02T18:39:37.014Z,Nix Spectro L,3.02767652e-1,3.76940686e-1,4.31596619e-1,4.59328473e-1,4.77309096e-1,4.91232628e-1,5.00394219e-1,5.04682088e-1,5.07965672e-1,5.13783491e-1,5.28827620e-1,5.52561367e-1,5.75382745e-1,5.93521130e-1,6.06375980e-1,6.17068899e-1,6.33759606e-1,6.52639604e-1,6.63107407e-1,6.65528929e-1,6.62680840e-1,6.60245812e-1,6.60859478e-1,6.59902537e-1,6.57115650e-1,6.57458580e-1,6.56166339e-1,6.55997479e-1,6.56329715e-1,6.56926024e-1,6.57271600e-1,"[0.302767652,0.376940686,0.431596619,0.459328473,0.477309096,0.491232628,0.500394219,0.504682088,0.507965672,0.513783491,0.52882762,0.552561367,0.575382745,0.59352113,0.60637598,0.617068899,0.633759606,0.652639604,0.663107407,0.665528929,0.66268084,0.660245812,0.660859478,0.659902537,0.65711565,0.65745858,0.656166339,0.655997479,0.656329715,0.656926024,0.6572716]"
DB,panolam,PN51 Bankers Gray Timberline,#82807d,0.6012419235844051,0.0048846908459671615,73.93195661122849,,,Textured Laminates,,,,,,D65,10,M1,2026-07-02T18:40:39.860Z,Nix Spectro L,1.52475792e-1,1.79333052e-1,1.96234220e-1,2.03778583e-1,2.07717741e-1,2.10540536e-1,2.11744839e-1,2.11251682e-1,2.10350004e-1,2.09611821e-1,2.10798639e-1,2.12932616e-1,2.14483565e-1,2.15354630e-1,2.15863019e-1,2.15579870e-1,2.16091260e-1,2.18091872e-1,2.20482811e-1,2.22505271e-1,2.22882372e-1,2.22440946e-1,2.22265139e-1,2.21974111e-1,2.21731669e-1,2.22862011e-1,2.23332998e-1,2.23911467e-1,2.24494323e-1,2.25099313e-1,2.25480124e-1,"[0.152475792,0.179333052,0.19623422,0.203778583,0.207717741,0.210540536,0.211744839,0.211251682,0.210350004,0.209611821,0.210798639,0.212932616,0.214483565,0.21535463,0.215863019,0.21557987,0.21609126,0.218091872,0.220482811,0.222505271,0.222882372,0.222440946,0.222265139,0.221974111,0.221731669,0.222862011,0.223332998,0.223911467,0.224494323,0.225099313,0.225480124]"
DB,panolam,S463 Antique White Satin,#efe4d4,0.9225974349514392,0.024212005000539518,76.70741831892076,,,Solid Laminates,,,,,,D65,10,M1,2026-07-02T18:41:40.870Z,Nix Spectro L,4.65709394e-1,5.58459771e-1,6.19721138e-1,6.48534393e-1,6.65225899e-1,6.78890717e-1,6.88560104e-1,6.93187225e-1,6.97257185e-1,7.03194785e-1,7.14249492e-1,7.28776455e-1,7.43332541e-1,7.55654418e-1,7.65958905e-1,7.75659096e-1,7.92444754e-1,8.13014793e-1,8.26786602e-1,8.33709288e-1,8.34251535e-1,8.33126712e-1,8.33758926e-1,8.32438374e-1,8.29432428e-1,8.30490041e-1,8.28892970e-1,8.28290796e-1,8.28632140e-1,8.29464865e-1,8.30198419e-1,"[0.465709394,0.558459771,0.619721138,0.648534393,0.665225899,0.678890717,0.688560104,0.693187225,0.697257185,0.703194785,0.714249492,0.728776455,0.743332541,0.755654418,0.765958905,0.775659096,0.792444754,0.813014793,0.826786602,0.833709288,0.834251535,0.833126712,0.833758926,0.832438374,0.829432428,0.830490041,0.82889297,0.828290796,0.82863214,0.829464865,0.830198419]"
DB,panolam,LL67 Wrought Iron Satin,#444341,0.38326464260439247,0.003199489917556918,98.97755156446499,,,Solid Laminates,,,,,,D65,10,M1,2026-07-02T18:42:38.933Z,Nix Spectro L,4.25589122e-2,4.84487332e-2,5.15934065e-2,5.30306764e-2,5.39502889e-2,5.44955321e-2,5.45479789e-2,5.42672791e-2,5.39720275e-2,5.36620118e-2,5.40151864e-2,5.48371360e-2,5.55723473e-2,5.60667291e-2,5.63595153e-2,5.64807758e-2,5.68576470e-2,5.75052261e-2,5.79490528e-2,5.79431541e-2,5.73971212e-2,5.66116042e-2,5.59932776e-2,5.55208072e-2,5.50424390e-2,5.47688641e-2,5.42795658e-2,5.37625030e-2,5.32235555e-2,5.27449571e-2,5.22609942e-2,"[0.0425589122,0.0484487332,0.0515934065,0.0530306764,0.0539502889,0.0544955321,0.0545479789,0.0542672791,0.0539720275,0.0536620118,0.0540151864,0.054837136,0.0555723473,0.0560667291,0.0563595153,0.0564807758,0.056857647,0.0575052261,0.0579490528,0.0579431541,0.0573971212,0.0566116042,0.0559932776,0.0555208072,0.055042439,0.0547688641,0.0542795658,0.053762503,0.0532235555,0.0527449571,0.0522609942]"